"Severity","Type","Rule","Message","File","Line","Status","Effort","CreatedDate","CleanCodeAttribute","Impact"
"MAJOR","CODE_SMELL","typescript:S4619","Use ""indexOf"" or ""includes"" (available from ES2016) instead.","apps/web/src/app/actions/dashboard-stats/activity-tracking.ts","129","OPEN","5min","2026-01-09T17:05:09+0530","CLEAR","MAINTAINABILITY"
"MINOR","CODE_SMELL","typescript:S6759","Mark the props of the component as read-only.","apps/web/src/app/app/admin/schools/page.tsx","263","OPEN","5min","2026-01-09T17:05:09+0530","CONVENTIONAL","MAINTAINABILITY"
"MAJOR","CODE_SMELL","typescript:S3358","Extract this nested ternary operation into an independent statement.","apps/web/src/app/app/settings/page.tsx","60","OPEN","5min","2026-01-09T17:05:09+0530","CLEAR","MAINTAINABILITY"
"MAJOR","CODE_SMELL","typescript:S3358","Extract this nested ternary operation into an independent statement.","apps/web/src/app/app/settings/page.tsx","62","OPEN","5min","2026-01-09T17:05:09+0530","CLEAR","MAINTAINABILITY"
"MINOR","CODE_SMELL","typescript:S7770","arrow function is equivalent to `Boolean`. Use `Boolean` directly.","apps/web/src/app/app/student/classes/page.tsx","82","OPEN","5min","2026-01-09T17:05:09+0530","CLEAR","MAINTAINABILITY"
"MAJOR","CODE_SMELL","typescript:S2301","Provide multiple methods instead of using ""isResetting"" to determine which action to take.","apps/web/src/components/admin/AdminListTable.tsx","42","OPEN","15min","2026-01-09T17:05:09+0530","FOCUSED","MAINTAINABILITY"
"MINOR","CODE_SMELL","typescript:S7735","Unexpected negated condition.","apps/web/src/components/admin/pins/PINGenerator.tsx","80","OPEN","2min","2026-01-09T17:05:09+0530","CLEAR","MAINTAINABILITY"
"MAJOR","BUG","typescript:S6439","Convert the conditional to a boolean to avoid leaked value","apps/web/src/components/auth/TeacherStepComponents.tsx","525","OPEN","5min","2026-01-09T17:05:09+0530","LOGICAL","RELIABILITY"
"MINOR","CODE_SMELL","typescript:S7735","Unexpected negated condition.","apps/web/src/components/auth/student/JoinClassStep.tsx","79","OPEN","2min","2026-01-09T17:05:09+0530","CLEAR","MAINTAINABILITY"
"MAJOR","CODE_SMELL","typescript:S3358","Extract this nested ternary operation into an independent statement.","apps/web/src/components/auth/student/JoinClassStep.tsx","84","OPEN","5min","2026-01-09T17:05:09+0530","CLEAR","MAINTAINABILITY"
"MAJOR","CODE_SMELL","typescript:S6772","Ambiguous spacing before next element span","apps/web/src/components/auth/student/JoinClassStep.tsx","178","OPEN","5min","2026-01-09T17:05:09+0530","FORMATTED","MAINTAINABILITY"
"MAJOR","CODE_SMELL","typescript:S6772","Ambiguous spacing before next element span","apps/web/src/components/auth/student/ProfileStep.tsx","157","OPEN","5min","2026-01-09T17:05:09+0530","FORMATTED","MAINTAINABILITY"
"MINOR","CODE_SMELL","typescript:S7735","Unexpected negated condition.","apps/web/src/components/auth/student/SignInStep.tsx","47","OPEN","2min","2026-01-09T17:05:09+0530","CLEAR","MAINTAINABILITY"
"MINOR","CODE_SMELL","typescript:S7735","Unexpected negated condition.","apps/web/src/components/auth/student/SignInStep.tsx","233","OPEN","2min","2026-01-09T17:05:09+0530","CLEAR","MAINTAINABILITY"
"MINOR","CODE_SMELL","typescript:S7735","Unexpected negated condition.","apps/web/src/components/auth/student/SignUpStep.tsx","69","OPEN","2min","2026-01-09T17:05:09+0530","CLEAR","MAINTAINABILITY"
"MINOR","CODE_SMELL","typescript:S7735","Unexpected negated condition.","apps/web/src/components/auth/student/SignUpStep.tsx","234","OPEN","2min","2026-01-09T17:05:09+0530","CLEAR","MAINTAINABILITY"
"MINOR","CODE_SMELL","typescript:S7735","Unexpected negated condition.","apps/web/src/components/auth/student/SignUpStep.tsx","358","OPEN","2min","2026-01-09T17:05:09+0530","CLEAR","MAINTAINABILITY"
"MAJOR","CODE_SMELL","typescript:S2301","Provide multiple methods instead of using ""isEarned"" to determine which action to take.","apps/web/src/components/gamification/BadgesDisplay.tsx","176","OPEN","15min","2026-01-09T17:05:09+0530","FOCUSED","MAINTAINABILITY"
"MAJOR","CODE_SMELL","typescript:S4144","Update this function so that its implementation is not identical to the one on line 182.","apps/web/src/components/gamification/BadgesDisplay.tsx","191","OPEN","15min","2026-01-09T17:05:09+0530","DISTINCT","MAINTAINABILITY"
"MAJOR","CODE_SMELL","typescript:S3358","Extract this nested ternary operation into an independent statement.","apps/web/src/components/learn/ModuleCard.tsx","115","OPEN","5min","2026-01-09T17:05:09+0530","CLEAR","MAINTAINABILITY"
"MAJOR","BUG","typescript:S6439","Convert the conditional to a boolean to avoid leaked value","apps/web/src/components/settings/StudentProfileEditor.tsx","306","OPEN","5min","2026-01-09T17:05:09+0530","LOGICAL","RELIABILITY"
"MAJOR","BUG","typescript:S6439","Convert the conditional to a boolean to avoid leaked value","apps/web/src/components/settings/TeacherProfileEditor.tsx","280","OPEN","5min","2026-01-09T17:05:09+0530","LOGICAL","RELIABILITY"
"MAJOR","CODE_SMELL","typescript:S2301","Provide multiple methods instead of using ""isResending"" to determine which action to take.","apps/web/src/components/student/SignUpEmailFlow.tsx","68","OPEN","15min","2026-01-09T17:05:09+0530","FOCUSED","MAINTAINABILITY"
"MINOR","CODE_SMELL","typescript:S4323","Replace this union type with a type alias.","apps/web/src/components/teacher/AIInteractionsLog.tsx","26","OPEN","5min","2026-01-09T17:05:09+0530","DISTINCT","MAINTAINABILITY"
"MINOR","CODE_SMELL","typescript:S7735","Unexpected negated condition.","apps/web/src/components/teacher/ClassAssessmentCard.tsx","67","OPEN","2min","2026-01-09T17:05:09+0530","CLEAR","MAINTAINABILITY"
"MAJOR","CODE_SMELL","typescript:S2301","Provide multiple methods instead of using ""isRemoving"" to determine which action to take.","apps/web/src/components/teacher/RosterTable.tsx","55","OPEN","15min","2026-01-09T17:05:09+0530","FOCUSED","MAINTAINABILITY"
"MAJOR","CODE_SMELL","typescript:S6819","Use <select size=...>, <select multiple=...>, or <datalist> instead of the ""listbox"" role to ensure accessibility across all devices.","apps/web/src/components/teacher/StudentSearchResults.tsx","32","OPEN","5min","2026-01-09T17:05:09+0530","CONVENTIONAL","MAINTAINABILITY"
"MAJOR","CODE_SMELL","typescript:S6842","Non-interactive elements should not be assigned interactive roles.","apps/web/src/components/teacher/StudentSearchResults.tsx","35","OPEN","5min","2026-01-09T17:05:09+0530","CONVENTIONAL","MAINTAINABILITY"
"MAJOR","CODE_SMELL","typescript:S6819","Use <option> instead of the ""option"" role to ensure accessibility across all devices.","apps/web/src/components/teacher/StudentSearchResults.tsx","39","OPEN","5min","2026-01-09T17:05:09+0530","CONVENTIONAL","MAINTAINABILITY"
"MAJOR","CODE_SMELL","typescript:S6842","Non-interactive elements should not be assigned interactive roles.","apps/web/src/components/teacher/StudentSearchResults.tsx","41","OPEN","5min","2026-01-09T17:05:09+0530","CONVENTIONAL","MAINTAINABILITY"
"MAJOR","CODE_SMELL","typescript:S2301","Provide multiple methods instead of using ""isResending"" to determine which action to take.","apps/web/src/components/teacher/onboarding/TeacherSignupEmailFlow.tsx","17","OPEN","15min","2026-01-09T17:05:09+0530","FOCUSED","MAINTAINABILITY"
"CRITICAL","CODE_SMELL","typescript:S3776","Refactor this function to reduce its Cognitive Complexity from 16 to the 15 allowed.","apps/web/src/hooks/usePINManagement.ts","223","OPEN","6min","2026-01-09T17:05:09+0530","FOCUSED","MAINTAINABILITY"
"MINOR","CODE_SMELL","typescript:S7735","Unexpected negated condition.","apps/web/src/hooks/useStudentAuth.ts","36","OPEN","2min","2026-01-09T17:05:09+0530","CLEAR","MAINTAINABILITY"
"MINOR","CODE_SMELL","typescript:S7735","Unexpected negated condition.","apps/web/src/hooks/useStudentAuth.ts","229","OPEN","2min","2026-01-09T17:05:09+0530","CLEAR","MAINTAINABILITY"
"CRITICAL","CODE_SMELL","typescript:S3776","Refactor this function to reduce its Cognitive Complexity from 20 to the 15 allowed.","apps/web/src/lib/rate-limiter-distributed.ts","291","OPEN","10min","2026-01-09T17:05:09+0530","FOCUSED","MAINTAINABILITY"
"MINOR","CODE_SMELL","typescript:S4325","This assertion is unnecessary since it does not change the type of the expression.","apps/web/src/app/actions/admin-management.ts",,"CLOSED","1min","2026-01-08T09:55:49+0530","CLEAR","MAINTAINABILITY"
"MAJOR","CODE_SMELL","typescript:S4619","Use ""indexOf"" or ""includes"" (available from ES2016) instead.","apps/web/src/app/actions/dashboard-stats/activity-tracking.ts",,"CLOSED","5min","2026-01-08T09:55:49+0530","CLEAR","MAINTAINABILITY"
"MINOR","CODE_SMELL","typescript:S2486","Handle this exception or don't catch it at all.","apps/web/src/app/actions/dashboard-stats/progress-analytics.ts","178","OPEN","1h","2026-01-08T09:55:49+0530","CLEAR","MAINTAINABILITY"
"MINOR","CODE_SMELL","typescript:S101","Rename interface ""_AuthUser"" to match the regular expression ^[A-Z][a-zA-Z0-9]*$.","apps/web/src/app/actions/teacher/teacher-assessment.ts","33","OPEN","5min","2026-01-08T09:55:49+0530","IDENTIFIABLE","MAINTAINABILITY"
"MINOR","CODE_SMELL","typescript:S6754","useState call is not destructured into value + setter pair","apps/web/src/components/assessment/AssessmentRunner.tsx","158","OPEN","5min","2026-01-08T09:55:49+0530","IDENTIFIABLE","MAINTAINABILITY"
"MINOR","CODE_SMELL","typescript:S6759","Mark the props of the component as read-only.","apps/web/src/components/auth/StudentStepComponents.tsx",,"CLOSED","5min","2026-01-08T09:55:49+0530","CONVENTIONAL","MAINTAINABILITY"
"MINOR","CODE_SMELL","typescript:S6759","Mark the props of the component as read-only.","apps/web/src/components/auth/TeacherStepComponents.tsx",,"CLOSED","5min","2026-01-08T09:55:49+0530","CONVENTIONAL","MAINTAINABILITY"
"MAJOR","BUG","typescript:S3799","Unexpected empty object pattern.","apps/web/src/components/auth/TeacherStepComponents.tsx",,"CLOSED","5min","2026-01-08T09:55:49+0530","COMPLETE","RELIABILITY"
"MINOR","CODE_SMELL","typescript:S6759","Mark the props of the component as read-only.","apps/web/src/components/auth/TeacherStepComponents.tsx",,"CLOSED","5min","2026-01-08T09:55:49+0530","CONVENTIONAL","MAINTAINABILITY"
"MINOR","CODE_SMELL","typescript:S6767","'router' PropType is defined but prop is never used","apps/web/src/components/auth/TeacherStepComponents.tsx","19","OPEN","5min","2026-01-08T09:55:49+0530","CONVENTIONAL","MAINTAINABILITY"
"MINOR","CODE_SMELL","typescript:S2486","Handle this exception or don't catch it at all.","apps/web/src/components/student/SignUpEmailFlow.tsx","121","OPEN","1h","2026-01-08T09:55:49+0530","CLEAR","MAINTAINABILITY"
"MINOR","CODE_SMELL","typescript:S6606","Prefer using nullish coalescing operator (`??=`) instead of an assignment expression, as it is simpler to read.","apps/web/src/lib/monitoring/connection-pool-monitor.ts",,"CLOSED","5min","2026-01-08T09:55:49+0530","CONVENTIONAL","MAINTAINABILITY"
"MINOR","CODE_SMELL","typescript:S6647","Useless constructor.","apps/web/src/lib/monitoring/connection-pool-monitor.ts","39","OPEN","5min","2026-01-08T09:55:49+0530","CLEAR","MAINTAINABILITY"
"MAJOR","CODE_SMELL","typescript:S7721","Move function 'confirmDeletion' to the outer scope.","apps/web/src/app/(public)/admin/manage/page.tsx",,"CLOSED","5min","2026-01-07T10:45:06+0530","EFFICIENT","MAINTAINABILITY"
"MAJOR","CODE_SMELL","typescript:S7721","Move function 'validateAdminForm' to the outer scope.","apps/web/src/app/(public)/admin/manage/page.tsx",,"CLOSED","5min","2026-01-07T10:45:06+0530","EFFICIENT","MAINTAINABILITY"
"MAJOR","CODE_SMELL","typescript:S7721","Move function 'validateEmailForDeletion' to the outer scope.","apps/web/src/app/(public)/admin/manage/page.tsx",,"CLOSED","5min","2026-01-07T10:45:06+0530","EFFICIENT","MAINTAINABILITY"
"MAJOR","CODE_SMELL","typescript:S6853","A form label must be associated with a control.","apps/web/src/app/(public)/admin/pins/page.tsx",,"CLOSED","5min","2026-01-07T10:45:06+0530","LOGICAL","RELIABILITY"
"MINOR","CODE_SMELL","typescript:S7781","Prefer `String#replaceAll()` over `String#replace()`.","apps/web/src/app/(public)/join/page.tsx","484","OPEN","5min","2026-01-07T10:45:06+0530","CLEAR","MAINTAINABILITY"
"MAJOR","CODE_SMELL","typescript:S6582","Prefer using an optional chain expression instead, as it's more concise and easier to read.","apps/web/src/app/(public)/join/page.tsx","519","OPEN","5min","2026-01-07T10:45:06+0530","CLEAR","MAINTAINABILITY"
"MAJOR","CODE_SMELL","typescript:S1854","Remove this useless assignment to variable ""otpInput"".","apps/web/src/app/(public)/reset-password/page.tsx",,"CLOSED","1min","2026-01-07T10:45:06+0530","LOGICAL","MAINTAINABILITY"
"MINOR","CODE_SMELL","typescript:S7781","Prefer `String#replaceAll()` over `String#replace()`.","apps/web/src/app/(public)/reset-password/page.tsx","45","OPEN","5min","2026-01-07T10:45:06+0530","CLEAR","MAINTAINABILITY"
"MINOR","CODE_SMELL","typescript:S4325","This assertion is unnecessary since it does not change the type of the expression.","apps/web/src/app/(public)/student/start/page.tsx",,"CLOSED","1min","2026-01-07T10:45:06+0530","CLEAR","MAINTAINABILITY"
"MINOR","CODE_SMELL","typescript:S7781","Prefer `String#replaceAll()` over `String#replace()`.","apps/web/src/app/(public)/student/start/page.tsx",,"CLOSED","5min","2026-01-07T10:45:06+0530","CLEAR","MAINTAINABILITY"
"MINOR","CODE_SMELL","typescript:S7781","Prefer `String#replaceAll()` over `String#replace()`.","apps/web/src/app/(public)/student/start/page.tsx",,"CLOSED","5min","2026-01-07T10:45:06+0530","CLEAR","MAINTAINABILITY"
"MINOR","CODE_SMELL","typescript:S4325","This assertion is unnecessary since it does not change the type of the expression.","apps/web/src/app/actions/admin-metrics.ts",,"CLOSED","1min","2026-01-07T10:45:06+0530","CLEAR","MAINTAINABILITY"
"MINOR","CODE_SMELL","typescript:S4323","Replace this union type with a type alias.","apps/web/src/app/actions/ai.ts","121","OPEN","5min","2026-01-07T10:45:06+0530","DISTINCT","MAINTAINABILITY"
"MINOR","CODE_SMELL","typescript:S7748","Don't use a zero fraction in the number.","apps/web/src/app/actions/assessment/adaptive-selection.ts",,"CLOSED","1min","2026-01-07T10:45:06+0530","CONVENTIONAL","MAINTAINABILITY"
"MAJOR","CODE_SMELL","typescript:S6582","Prefer using an optional chain expression instead, as it's more concise and easier to read.","apps/web/src/app/actions/assessment/adaptive-selection.ts",,"CLOSED","5min","2026-01-07T10:45:06+0530","CLEAR","MAINTAINABILITY"
"MINOR","CODE_SMELL","typescript:S7748","Don't use a zero fraction in the number.","apps/web/src/app/actions/assessment/irt-models.ts",,"CLOSED","1min","2026-01-07T10:45:06+0530","CONVENTIONAL","MAINTAINABILITY"
"MINOR","CODE_SMELL","typescript:S7748","Don't use a zero fraction in the number.","apps/web/src/app/actions/assessment/irt-models.ts",,"CLOSED","1min","2026-01-07T10:45:06+0530","CONVENTIONAL","MAINTAINABILITY"
"MINOR","CODE_SMELL","typescript:S7718","The catch parameter `signOutErr` should be named `error_`.","apps/web/src/app/actions/auth/auth-otp.ts","443","OPEN","5min","2026-01-07T10:45:06+0530","CONVENTIONAL","MAINTAINABILITY"
"MINOR","CODE_SMELL","typescript:S2486","Handle this exception or don't catch it at all.","apps/web/src/app/actions/dashboard-stats/progress-analytics.ts",,"CLOSED","1h","2026-01-07T10:45:06+0530","CLEAR","MAINTAINABILITY"
"MAJOR","CODE_SMELL","typescript:S6582","Prefer using an optional chain expression instead, as it's more concise and easier to read.","apps/web/src/app/actions/school/teacher-verification.ts","331","OPEN","5min","2026-01-07T10:45:06+0530","CLEAR","MAINTAINABILITY"
"MINOR","CODE_SMELL","typescript:S7781","Prefer `String#replaceAll()` over `String#replace()`.","apps/web/src/app/actions/student.ts","234","OPEN","5min","2026-01-07T10:45:06+0530","CLEAR","MAINTAINABILITY"
"MINOR","CODE_SMELL","typescript:S7744","The empty object is useless.","apps/web/src/app/actions/student.ts","430","OPEN","5min","2026-01-07T10:45:06+0530","CLEAR","MAINTAINABILITY"
"MAJOR","CODE_SMELL","typescript:S3358","Extract this nested ternary operation into an independent statement.","apps/web/src/app/actions/teacher/teacher-analytics-export.ts",,"CLOSED","5min","2026-01-07T10:45:06+0530","CLEAR","MAINTAINABILITY"
"MAJOR","CODE_SMELL","typescript:S6582","Prefer using an optional chain expression instead, as it's more concise and easier to read.","apps/web/src/app/actions/teacher/teacher-analytics-export.ts","86","OPEN","5min","2026-01-07T10:45:06+0530","CLEAR","MAINTAINABILITY"
"MINOR","CODE_SMELL","typescript:S6551","'name || ""Unknown""' will use Object's default stringification format ('[object Object]') when stringified.","apps/web/src/app/actions/teacher/teacher-analytics-export.ts","434","OPEN","5min","2026-01-07T10:45:06+0530","LOGICAL","MAINTAINABILITY"
"MINOR","CODE_SMELL","typescript:S7776","`dangerousChars` should be a `Set`, and use `dangerousChars.has()` to check existence or non-existence.","apps/web/src/app/actions/teacher/teacher-analytics-export.ts","437","OPEN","5min","2026-01-07T10:45:06+0530","EFFICIENT","MAINTAINABILITY"
"MINOR","CODE_SMELL","typescript:S4325","This assertion is unnecessary since it does not change the type of the expression.","apps/web/src/app/actions/teacher/teacher-analytics-export.ts","547","OPEN","1min","2026-01-07T10:45:06+0530","CLEAR","MAINTAINABILITY"
"MAJOR","CODE_SMELL","typescript:S4043","Move this array ""sort"" operation to a separate statement or replace it with ""toSorted"".","apps/web/src/app/actions/teacher/teacher-assessment.ts","360","OPEN","5min","2026-01-07T10:45:06+0530","CLEAR","MAINTAINABILITY"
"MINOR","CODE_SMELL","typescript:S1128","Remove this unused import of 'ClassIdSchema'.","apps/web/src/app/actions/teacher/teacher-enrollment.ts",,"CLOSED","1min","2026-01-07T10:45:06+0530","CLEAR","MAINTAINABILITY"
"MAJOR","CODE_SMELL","typescript:S3358","Extract this nested ternary operation into an independent statement.","apps/web/src/app/app/admin/performance/page.tsx",,"CLOSED","5min","2026-01-07T10:45:06+0530","CLEAR","MAINTAINABILITY"
"MAJOR","CODE_SMELL","typescript:S3358","Extract this nested ternary operation into an independent statement.","apps/web/src/app/app/admin/schools/page.tsx",,"CLOSED","5min","2026-01-07T10:45:06+0530","CLEAR","MAINTAINABILITY"
"MINOR","CODE_SMELL","typescript:S2486","Handle this exception or don't catch it at all.","apps/web/src/app/app/admin/schools/page.tsx","86","OPEN","1h","2026-01-07T10:45:06+0530","CLEAR","MAINTAINABILITY"
"MINOR","CODE_SMELL","typescript:S2486","Handle this exception or don't catch it at all.","apps/web/src/app/app/admin/schools/page.tsx","106","OPEN","1h","2026-01-07T10:45:06+0530","CLEAR","MAINTAINABILITY"
"MINOR","CODE_SMELL","typescript:S2486","Handle this exception or don't catch it at all.","apps/web/src/app/app/admin/schools/page.tsx","127","OPEN","1h","2026-01-07T10:45:06+0530","CLEAR","MAINTAINABILITY"
"MINOR","CODE_SMELL","typescript:S2486","Handle this exception or don't catch it at all.","apps/web/src/app/app/admin/schools/page.tsx","347","OPEN","1h","2026-01-07T10:45:06+0530","CLEAR","MAINTAINABILITY"
"MINOR","CODE_SMELL","typescript:S2486","Handle this exception or don't catch it at all.","apps/web/src/app/app/admin/schools/page.tsx","393","OPEN","1h","2026-01-07T10:45:06+0530","CLEAR","MAINTAINABILITY"
"MINOR","CODE_SMELL","typescript:S2486","Handle this exception or don't catch it at all.","apps/web/src/app/app/admin/schools/page.tsx","435","OPEN","1h","2026-01-07T10:45:06+0530","CLEAR","MAINTAINABILITY"
"MINOR","CODE_SMELL","typescript:S2486","Handle this exception or don't catch it at all.","apps/web/src/app/app/admin/schools/page.tsx","479","OPEN","1h","2026-01-07T10:45:06+0530","CLEAR","MAINTAINABILITY"
"MAJOR","CODE_SMELL","typescript:S3358","Extract this nested ternary operation into an independent statement.","apps/web/src/app/app/ai-tools/tutor/page.tsx",,"CLOSED","5min","2026-01-07T10:45:06+0530","CLEAR","MAINTAINABILITY"
"MINOR","CODE_SMELL","typescript:S1874","'useChat' is deprecated.","apps/web/src/app/app/ai-tools/tutor/page.tsx","5","OPEN","15min","2026-01-07T10:45:06+0530","CONVENTIONAL","MAINTAINABILITY"
"MINOR","CODE_SMELL","typescript:S1874","'isLoading' is deprecated.","apps/web/src/app/app/ai-tools/tutor/page.tsx","44","OPEN","15min","2026-01-07T10:45:06+0530","CONVENTIONAL","MAINTAINABILITY"
"MINOR","CODE_SMELL","typescript:S1874","'useChat' is deprecated.","apps/web/src/app/app/ai-tools/tutor/page.tsx","45","OPEN","15min","2026-01-07T10:45:06+0530","CONVENTIONAL","MAINTAINABILITY"
"MINOR","CODE_SMELL","typescript:S7735","Unexpected negated condition.","apps/web/src/app/app/dashboard/page.tsx",,"CLOSED","2min","2026-01-07T10:45:06+0530","CLEAR","MAINTAINABILITY"
"MINOR","CODE_SMELL","typescript:S6759","Mark the props of the component as read-only.","apps/web/src/app/app/dashboard/page.tsx","121","OPEN","5min","2026-01-07T10:45:06+0530","CONVENTIONAL","MAINTAINABILITY"
"MAJOR","CODE_SMELL","typescript:S6582","Prefer using an optional chain expression instead, as it's more concise and easier to read.","apps/web/src/app/app/dashboard/page.tsx","387","OPEN","5min","2026-01-07T10:45:06+0530","CLEAR","MAINTAINABILITY"
"MAJOR","CODE_SMELL","typescript:S7721","Move async function 'fetchPracticeQuestions' to the outer scope.","apps/web/src/app/app/learn/[moduleId]/[topicId]/page.tsx",,"CLOSED","5min","2026-01-07T10:45:06+0530","EFFICIENT","MAINTAINABILITY"
"MAJOR","CODE_SMELL","typescript:S3358","Extract this nested ternary operation into an independent statement.","apps/web/src/app/app/learn/[moduleId]/[topicId]/page.tsx",,"CLOSED","5min","2026-01-07T10:45:06+0530","CLEAR","MAINTAINABILITY"
"MINOR","CODE_SMELL","typescript:S4323","Replace this union type with a type alias.","apps/web/src/app/app/learn/[moduleId]/[topicId]/page.tsx","112","OPEN","5min","2026-01-07T10:45:06+0530","DISTINCT","MAINTAINABILITY"
"MINOR","CODE_SMELL","typescript:S1874","'isLoading' is deprecated.","apps/web/src/app/app/learn/[moduleId]/[topicId]/page.tsx","271","OPEN","15min","2026-01-07T10:45:06+0530","CONVENTIONAL","MAINTAINABILITY"
"MAJOR","CODE_SMELL","typescript:S6479","Do not use Array index in keys","apps/web/src/app/app/learn/[moduleId]/[topicId]/page.tsx","495","OPEN","5min","2026-01-07T10:45:06+0530","LOGICAL","MAINTAINABILITY"
"MAJOR","CODE_SMELL","typescript:S3358","Extract this nested ternary operation into an independent statement.","apps/web/src/app/app/learn/[moduleId]/page.tsx",,"CLOSED","5min","2026-01-07T10:45:06+0530","CLEAR","MAINTAINABILITY"
"MAJOR","CODE_SMELL","typescript:S3358","Extract this nested ternary operation into an independent statement.","apps/web/src/app/app/learn/[moduleId]/page.tsx",,"CLOSED","5min","2026-01-07T10:45:06+0530","CLEAR","MAINTAINABILITY"
"MINOR","CODE_SMELL","typescript:S7735","Unexpected negated condition.","apps/web/src/app/app/progress/page.tsx",,"CLOSED","2min","2026-01-07T10:45:06+0530","CLEAR","MAINTAINABILITY"
"MAJOR","CODE_SMELL","typescript:S3358","Extract this nested ternary operation into an independent statement.","apps/web/src/app/app/progress/page.tsx",,"CLOSED","5min","2026-01-07T10:45:06+0530","CLEAR","MAINTAINABILITY"
"MAJOR","CODE_SMELL","typescript:S3358","Extract this nested ternary operation into an independent statement.","apps/web/src/app/app/progress/page.tsx",,"CLOSED","5min","2026-01-07T10:45:06+0530","CLEAR","MAINTAINABILITY"
"MAJOR","CODE_SMELL","typescript:S6853","A form label must be associated with a control.","apps/web/src/app/app/settings/page.tsx",,"CLOSED","5min","2026-01-07T10:45:06+0530","LOGICAL","RELIABILITY"
"MAJOR","CODE_SMELL","typescript:S6853","A form label must be associated with a control.","apps/web/src/app/app/settings/page.tsx",,"CLOSED","5min","2026-01-07T10:45:06+0530","LOGICAL","RELIABILITY"
"MAJOR","CODE_SMELL","typescript:S6853","A form label must be associated with a control.","apps/web/src/app/app/settings/page.tsx",,"CLOSED","5min","2026-01-07T10:45:06+0530","LOGICAL","RELIABILITY"
"MAJOR","CODE_SMELL","typescript:S6853","A form label must be associated with a control.","apps/web/src/app/app/settings/page.tsx",,"CLOSED","5min","2026-01-07T10:45:06+0530","LOGICAL","RELIABILITY"
"MAJOR","CODE_SMELL","typescript:S6772","Ambiguous spacing before next element span","apps/web/src/app/app/settings/page.tsx","204","OPEN","5min","2026-01-07T10:45:06+0530","FORMATTED","MAINTAINABILITY"
"MAJOR","CODE_SMELL","typescript:S3358","Extract this nested ternary operation into an independent statement.","apps/web/src/app/app/student/assessments/page.tsx",,"CLOSED","5min","2026-01-07T10:45:06+0530","CLEAR","MAINTAINABILITY"
"MINOR","CODE_SMELL","typescript:S6759","Mark the props of the component as read-only.","apps/web/src/app/app/teacher/assessments/[classId]/page.tsx",,"CLOSED","5min","2026-01-07T10:45:06+0530","CONVENTIONAL","MAINTAINABILITY"
"MINOR","CODE_SMELL","typescript:S7735","Unexpected negated condition.","apps/web/src/app/app/teacher/assessments/[classId]/page.tsx","126","OPEN","2min","2026-01-07T10:45:06+0530","CLEAR","MAINTAINABILITY"
"MINOR","CODE_SMELL","typescript:S7735","Unexpected negated condition.","apps/web/src/app/app/teacher/assessments/[classId]/page.tsx","172","OPEN","2min","2026-01-07T10:45:06+0530","CLEAR","MAINTAINABILITY"
"MINOR","CODE_SMELL","typescript:S7735","Unexpected negated condition.","apps/web/src/app/app/teacher/assessments/[classId]/page.tsx","249","OPEN","2min","2026-01-07T10:45:06+0530","CLEAR","MAINTAINABILITY"
"MINOR","CODE_SMELL","typescript:S7735","Unexpected negated condition.","apps/web/src/app/app/teacher/assessments/page.tsx",,"CLOSED","2min","2026-01-07T10:45:06+0530","CLEAR","MAINTAINABILITY"
"MINOR","CODE_SMELL","typescript:S7735","Unexpected negated condition.","apps/web/src/app/app/teacher/assessments/page.tsx","89","OPEN","2min","2026-01-07T10:45:06+0530","CLEAR","MAINTAINABILITY"
"MINOR","CODE_SMELL","typescript:S1128","Remove this unused import of 'Button'.","apps/web/src/components/admin/DashboardMetrics.tsx",,"CLOSED","1min","2026-01-07T10:45:06+0530","CLEAR","MAINTAINABILITY"
"CRITICAL","CODE_SMELL","typescript:S3776","Refactor this function to reduce its Cognitive Complexity from 16 to the 15 allowed.","apps/web/src/components/admin/DashboardMetrics.tsx","124","OPEN","6min","2026-01-07T10:45:06+0530","FOCUSED","MAINTAINABILITY"
"MAJOR","CODE_SMELL","typescript:S6582","Prefer using an optional chain expression instead, as it's more concise and easier to read.","apps/web/src/components/admin/DashboardMetrics.tsx","275","OPEN","5min","2026-01-07T10:45:06+0530","CLEAR","MAINTAINABILITY"
"MAJOR","CODE_SMELL","typescript:S6479","Do not use Array index in keys","apps/web/src/components/admin/DashboardMetrics.tsx","295","OPEN","5min","2026-01-07T10:45:06+0530","LOGICAL","MAINTAINABILITY"
"MINOR","CODE_SMELL","typescript:S3863","'C:\Users\ranab\Downloads\Atal-ai-1.0\apps\web\node_modules\react\index.js' imported multiple times.","apps/web/src/components/admin/RoleGuard.tsx","3","OPEN","1min","2026-01-07T10:45:06+0530","CONVENTIONAL","MAINTAINABILITY"
"MINOR","CODE_SMELL","typescript:S3863","'C:\Users\ranab\Downloads\Atal-ai-1.0\apps\web\node_modules\react\index.js' imported multiple times.","apps/web/src/components/admin/RoleGuard.tsx","4","OPEN","1min","2026-01-07T10:45:06+0530","CONVENTIONAL","MAINTAINABILITY"
"MINOR","CODE_SMELL","typescript:S1874","'isAdminClient' is deprecated.","apps/web/src/components/admin/RoleGuard.tsx","8","OPEN","15min","2026-01-07T10:45:06+0530","CONVENTIONAL","MAINTAINABILITY"
"MINOR","CODE_SMELL","typescript:S1874","'isSuperAdminClient' is deprecated.","apps/web/src/components/admin/RoleGuard.tsx","9","OPEN","15min","2026-01-07T10:45:06+0530","CONVENTIONAL","MAINTAINABILITY"
"MINOR","CODE_SMELL","typescript:S1874","'isTeacherOrHigherClient' is deprecated.","apps/web/src/components/admin/RoleGuard.tsx","10","OPEN","15min","2026-01-07T10:45:06+0530","CONVENTIONAL","MAINTAINABILITY"
"MINOR","CODE_SMELL","typescript:S1874","'isSuperAdminClient' is deprecated.","apps/web/src/components/admin/RoleGuard.tsx","66","OPEN","15min","2026-01-07T10:45:06+0530","CONVENTIONAL","MAINTAINABILITY"
"MINOR","CODE_SMELL","typescript:S1874","'isAdminClient' is deprecated.","apps/web/src/components/admin/RoleGuard.tsx","69","OPEN","15min","2026-01-07T10:45:06+0530","CONVENTIONAL","MAINTAINABILITY"
"MINOR","CODE_SMELL","typescript:S1874","'isTeacherOrHigherClient' is deprecated.","apps/web/src/components/admin/RoleGuard.tsx","72","OPEN","15min","2026-01-07T10:45:06+0530","CONVENTIONAL","MAINTAINABILITY"
"MINOR","CODE_SMELL","typescript:S7773","Prefer `Number.parseInt` over `parseInt`.","apps/web/src/components/assessment/AssessmentRunner.tsx",,"CLOSED","2min","2026-01-07T10:45:06+0530","CONVENTIONAL","MAINTAINABILITY"
"MAJOR","CODE_SMELL","typescript:S3358","Extract this nested ternary operation into an independent statement.","apps/web/src/components/assessment/AssessmentRunner.tsx",,"CLOSED","5min","2026-01-07T10:45:06+0530","CLEAR","MAINTAINABILITY"
"MAJOR","CODE_SMELL","typescript:S1854","Remove this useless assignment to variable ""totalElapsedSeconds"".","apps/web/src/components/assessment/AssessmentRunner.tsx",,"CLOSED","1min","2026-01-07T10:45:06+0530","LOGICAL","MAINTAINABILITY"
"MINOR","CODE_SMELL","typescript:S1128","Remove this unused import of 'calculateIRTScore'.","apps/web/src/components/assessment/AssessmentRunner.tsx",,"CLOSED","1min","2026-01-07T10:45:06+0530","CLEAR","MAINTAINABILITY"
"MINOR","CODE_SMELL","typescript:S7755","Prefer `.at(â¦)` over `[â¦.length - index]`.","apps/web/src/components/assessment/AssessmentRunner.tsx","391","OPEN","5min","2026-01-07T10:45:06+0530","CONVENTIONAL","MAINTAINABILITY"
"MINOR","CODE_SMELL","typescript:S7781","Prefer `String#replaceAll()` over `String#replace()`.","apps/web/src/components/assessment/CategoryBreakdown.tsx","42","OPEN","5min","2026-01-07T10:45:06+0530","CLEAR","MAINTAINABILITY"
"MINOR","CODE_SMELL","typescript:S7735","Unexpected negated condition.","apps/web/src/components/assessment/LevelBadge.tsx",,"CLOSED","2min","2026-01-07T10:45:06+0530","CLEAR","MAINTAINABILITY"
"MINOR","CODE_SMELL","typescript:S7735","Unexpected negated condition.","apps/web/src/components/assessment/LevelBadge.tsx",,"CLOSED","2min","2026-01-07T10:45:06+0530","CLEAR","MAINTAINABILITY"
"MAJOR","CODE_SMELL","typescript:S3358","Extract this nested ternary operation into an independent statement.","apps/web/src/components/assessment/LevelBadge.tsx",,"CLOSED","5min","2026-01-07T10:45:06+0530","CLEAR","MAINTAINABILITY"
"MAJOR","CODE_SMELL","typescript:S6819","Use <nav> instead of the ""navigation"" role to ensure accessibility across all devices.","apps/web/src/components/assessment/QuestionPagination.tsx","105","OPEN","5min","2026-01-07T10:45:06+0530","CONVENTIONAL","MAINTAINABILITY"
"MINOR","CODE_SMELL","typescript:S1128","Remove this unused import of 'validateAndHandleError'.","apps/web/src/components/auth/EmailOTPForm.tsx",,"CLOSED","1min","2026-01-07T10:45:06+0530","CLEAR","MAINTAINABILITY"
"MINOR","CODE_SMELL","typescript:S7781","Prefer `String#replaceAll()` over `String#replace()`.","apps/web/src/components/auth/OTPInput.tsx","61","OPEN","5min","2026-01-07T10:45:06+0530","CLEAR","MAINTAINABILITY"
"MINOR","CODE_SMELL","typescript:S7781","Prefer `String#replaceAll()` over `String#replace()`.","apps/web/src/components/auth/PhoneInputWithPrefix.tsx","62","OPEN","5min","2026-01-07T10:45:06+0530","CLEAR","MAINTAINABILITY"
"MINOR","CODE_SMELL","typescript:S1128","Remove this unused import of 'Label'.","apps/web/src/components/auth/PhoneOTPForm.tsx",,"CLOSED","1min","2026-01-07T10:45:06+0530","CLEAR","MAINTAINABILITY"
"MINOR","CODE_SMELL","typescript:S1128","Remove this unused import of 'validatePassword'.","apps/web/src/components/auth/StudentStepComponents.tsx",,"CLOSED","1min","2026-01-07T10:45:06+0530","CLEAR","MAINTAINABILITY"
"MINOR","CODE_SMELL","typescript:S1128","Remove this unused import of 'UsePhoneInputReturn'.","apps/web/src/components/auth/StudentStepComponents.tsx",,"CLOSED","1min","2026-01-07T10:45:06+0530","CLEAR","MAINTAINABILITY"
"MINOR","CODE_SMELL","typescript:S1128","Remove this unused import of 'UseOTPInputReturn'.","apps/web/src/components/auth/StudentStepComponents.tsx",,"CLOSED","1min","2026-01-07T10:45:06+0530","CLEAR","MAINTAINABILITY"
"MINOR","CODE_SMELL","typescript:S6767","'loading' PropType is defined but prop is never used","apps/web/src/components/auth/StudentStepComponents.tsx","13","OPEN","5min","2026-01-07T10:45:06+0530","CONVENTIONAL","MAINTAINABILITY"
"MINOR","CODE_SMELL","typescript:S6767","'state' PropType is defined but prop is never used","apps/web/src/components/auth/StudentStepComponents.tsx","15","OPEN","5min","2026-01-07T10:45:06+0530","CONVENTIONAL","MAINTAINABILITY"
"MINOR","CODE_SMELL","typescript:S7781","Prefer `String#replaceAll()` over `String#replace()`.","apps/web/src/components/auth/TeacherStepComponents.tsx","651","OPEN","5min","2026-01-07T10:45:06+0530","CLEAR","MAINTAINABILITY"
"MINOR","CODE_SMELL","typescript:S7781","Prefer `String#replaceAll()` over `String#replace()`.","apps/web/src/components/auth/TeacherStepComponents.tsx","766","OPEN","5min","2026-01-07T10:45:06+0530","CLEAR","MAINTAINABILITY"
"MINOR","CODE_SMELL","typescript:S7781","Prefer `String#replaceAll()` over `String#replace()`.","apps/web/src/components/auth/TeacherStepComponents.tsx","813","OPEN","5min","2026-01-07T10:45:06+0530","CLEAR","MAINTAINABILITY"
"MINOR","CODE_SMELL","typescript:S7781","Prefer `String#replaceAll()` over `String#replace()`.","apps/web/src/components/auth/TeacherStepComponents.tsx","986","OPEN","5min","2026-01-07T10:45:06+0530","CLEAR","MAINTAINABILITY"
"MAJOR","CODE_SMELL","typescript:S3358","Extract this nested ternary operation into an independent statement.","apps/web/src/components/offline/LessonPreCacher.tsx",,"CLOSED","5min","2026-01-07T10:45:06+0530","CLEAR","MAINTAINABILITY"
"MAJOR","CODE_SMELL","typescript:S3358","Extract this nested ternary operation into an independent statement.","apps/web/src/components/offline/LessonPreCacher.tsx",,"CLOSED","5min","2026-01-07T10:45:06+0530","CLEAR","MAINTAINABILITY"
"MAJOR","CODE_SMELL","typescript:S3358","Extract this nested ternary operation into an independent statement.","apps/web/src/components/offline/LessonPreCacher.tsx",,"CLOSED","5min","2026-01-07T10:45:06+0530","CLEAR","MAINTAINABILITY"
"MAJOR","CODE_SMELL","typescript:S3358","Extract this nested ternary operation into an independent statement.","apps/web/src/components/offline/LessonPreCacher.tsx",,"CLOSED","5min","2026-01-07T10:45:06+0530","CLEAR","MAINTAINABILITY"
"MAJOR","CODE_SMELL","typescript:S3358","Extract this nested ternary operation into an independent statement.","apps/web/src/components/offline/LessonPreCacher.tsx",,"CLOSED","5min","2026-01-07T10:45:06+0530","CLEAR","MAINTAINABILITY"
"MINOR","CODE_SMELL","typescript:S6759","Mark the props of the component as read-only.","apps/web/src/components/providers/theme-provider.tsx","6","OPEN","5min","2026-01-07T10:45:06+0530","CONVENTIONAL","MAINTAINABILITY"
"MAJOR","CODE_SMELL","typescript:S6853","A form label must be associated with a control.","apps/web/src/components/settings/StudentProfileEditor.tsx",,"CLOSED","5min","2026-01-07T10:45:06+0530","LOGICAL","RELIABILITY"
"MAJOR","CODE_SMELL","typescript:S6853","A form label must be associated with a control.","apps/web/src/components/settings/StudentProfileEditor.tsx",,"CLOSED","5min","2026-01-07T10:45:06+0530","LOGICAL","RELIABILITY"
"MAJOR","CODE_SMELL","typescript:S6853","A form label must be associated with a control.","apps/web/src/components/settings/StudentProfileEditor.tsx",,"CLOSED","5min","2026-01-07T10:45:06+0530","LOGICAL","RELIABILITY"
"MINOR","CODE_SMELL","typescript:S4325","This assertion is unnecessary since it does not change the type of the expression.","apps/web/src/components/settings/StudentProfileEditor.tsx","80","OPEN","1min","2026-01-07T10:45:06+0530","CLEAR","MAINTAINABILITY"
"MAJOR","CODE_SMELL","typescript:S6853","A form label must be associated with a control.","apps/web/src/components/settings/TeacherProfileEditor.tsx",,"CLOSED","5min","2026-01-07T10:45:06+0530","LOGICAL","RELIABILITY"
"MAJOR","CODE_SMELL","typescript:S6853","A form label must be associated with a control.","apps/web/src/components/settings/TeacherProfileEditor.tsx",,"CLOSED","5min","2026-01-07T10:45:06+0530","LOGICAL","RELIABILITY"
"MAJOR","CODE_SMELL","typescript:S6853","A form label must be associated with a control.","apps/web/src/components/settings/TeacherProfileEditor.tsx",,"CLOSED","5min","2026-01-07T10:45:06+0530","LOGICAL","RELIABILITY"
"MINOR","CODE_SMELL","typescript:S4325","This assertion is unnecessary since it does not change the type of the expression.","apps/web/src/components/settings/TeacherProfileEditor.tsx","77","OPEN","1min","2026-01-07T10:45:06+0530","CLEAR","MAINTAINABILITY"
"MINOR","CODE_SMELL","typescript:S7735","Unexpected negated condition.","apps/web/src/components/student/GuestJoinForm.tsx","53","OPEN","2min","2026-01-07T10:45:06+0530","CLEAR","MAINTAINABILITY"
"MAJOR","CODE_SMELL","typescript:S3358","Extract this nested ternary operation into an independent statement.","apps/web/src/components/teacher/AIInteractionsLog.tsx",,"CLOSED","5min","2026-01-07T10:45:06+0530","CLEAR","MAINTAINABILITY"
"MAJOR","CODE_SMELL","typescript:S3358","Extract this nested ternary operation into an independent statement.","apps/web/src/components/teacher/AIInteractionsLog.tsx",,"CLOSED","5min","2026-01-07T10:45:06+0530","CLEAR","MAINTAINABILITY"
"MINOR","CODE_SMELL","typescript:S7750","Prefer `.find(â¦)` over `.filter(â¦)`.","apps/web/src/components/teacher/AIInteractionsLog.tsx","257","OPEN","5min","2026-01-07T10:45:06+0530","EFFICIENT","MAINTAINABILITY"
"MINOR","CODE_SMELL","typescript:S1128","Remove this unused import of 'CardTitle'.","apps/web/src/components/teacher/AnalyticsTiles.tsx",,"CLOSED","1min","2026-01-07T10:45:06+0530","CLEAR","MAINTAINABILITY"
"MAJOR","CODE_SMELL","typescript:S3358","Extract this nested ternary operation into an independent statement.","apps/web/src/components/teacher/StudentProgressGrid.tsx",,"CLOSED","5min","2026-01-07T10:45:06+0530","CLEAR","MAINTAINABILITY"
"MINOR","CODE_SMELL","typescript:S7781","Prefer `String#replaceAll()` over `String#replace()`.","apps/web/src/components/teacher/onboarding/TeacherProfileForm.tsx","87","OPEN","5min","2026-01-07T10:45:06+0530","CLEAR","MAINTAINABILITY"
"MINOR","CODE_SMELL","typescript:S7781","Prefer `String#replaceAll()` over `String#replace()`.","apps/web/src/components/teacher/onboarding/TeacherSchoolVerificationForm.tsx","61","OPEN","5min","2026-01-07T10:45:06+0530","CLEAR","MAINTAINABILITY"
"CRITICAL","CODE_SMELL","typescript:S4123","Unexpected `await` of a non-Promise (non-""Thenable"") value.","apps/web/src/components/teacher/onboarding/TeacherSignupEmailFlow.tsx","104","OPEN","1min","2026-01-07T10:45:06+0530","CLEAR","MAINTAINABILITY"
"MINOR","CODE_SMELL","typescript:S7781","Prefer `String#replaceAll()` over `String#replace()`.","apps/web/src/components/teacher/onboarding/TeacherSignupEmailFlow.tsx","203","OPEN","5min","2026-01-07T10:45:06+0530","CLEAR","MAINTAINABILITY"
"MINOR","CODE_SMELL","typescript:S7781","Prefer `String#replaceAll()` over `String#replace()`.","apps/web/src/components/teacher/onboarding/TeacherSignupPhoneFlow.tsx","73","OPEN","5min","2026-01-07T10:45:06+0530","CLEAR","MAINTAINABILITY"
"MINOR","CODE_SMELL","typescript:S7781","Prefer `String#replaceAll()` over `String#replace()`.","apps/web/src/components/teacher/onboarding/TeacherSignupPhoneFlow.tsx","130","OPEN","5min","2026-01-07T10:45:06+0530","CLEAR","MAINTAINABILITY"
"MINOR","CODE_SMELL","typescript:S1874","'ElementRef' is deprecated.","apps/web/src/components/ui/dialog.tsx","15","OPEN","15min","2026-01-07T10:45:06+0530","CONVENTIONAL","MAINTAINABILITY"
"MINOR","CODE_SMELL","typescript:S1874","'ElementRef' is deprecated.","apps/web/src/components/ui/dialog.tsx","30","OPEN","15min","2026-01-07T10:45:06+0530","CONVENTIONAL","MAINTAINABILITY"
"MINOR","CODE_SMELL","typescript:S1874","'ElementRef' is deprecated.","apps/web/src/components/ui/dialog.tsx","82","OPEN","15min","2026-01-07T10:45:06+0530","CONVENTIONAL","MAINTAINABILITY"
"MINOR","CODE_SMELL","typescript:S1874","'ElementRef' is deprecated.","apps/web/src/components/ui/dialog.tsx","97","OPEN","15min","2026-01-07T10:45:06+0530","CONVENTIONAL","MAINTAINABILITY"
"MAJOR","CODE_SMELL","typescript:S6478","Move this component definition out of the parent component and pass data as props.","apps/web/src/components/ui/markdown-renderer.tsx",,"CLOSED","5min","2026-01-07T10:45:06+0530","EFFICIENT","MAINTAINABILITY"
"MAJOR","BUG","typescript:S5256","Add a valid header row or column to this ""<table>"".","apps/web/src/components/ui/markdown-renderer.tsx",,"CLOSED","2min","2026-01-07T10:45:06+0530","COMPLETE","RELIABILITY"
"MAJOR","CODE_SMELL","typescript:S6850","Headings must have content and the content must be accessible by a screen reader.","apps/web/src/components/ui/markdown-renderer.tsx","40","OPEN","5min","2026-01-07T10:45:06+0530","CONVENTIONAL","MAINTAINABILITY"
"MAJOR","CODE_SMELL","typescript:S6850","Headings must have content and the content must be accessible by a screen reader.","apps/web/src/components/ui/markdown-renderer.tsx","46","OPEN","5min","2026-01-07T10:45:06+0530","CONVENTIONAL","MAINTAINABILITY"
"MAJOR","CODE_SMELL","typescript:S6850","Headings must have content and the content must be accessible by a screen reader.","apps/web/src/components/ui/markdown-renderer.tsx","52","OPEN","5min","2026-01-07T10:45:06+0530","CONVENTIONAL","MAINTAINABILITY"
"MAJOR","CODE_SMELL","typescript:S6850","Headings must have content and the content must be accessible by a screen reader.","apps/web/src/components/ui/markdown-renderer.tsx","58","OPEN","5min","2026-01-07T10:45:06+0530","CONVENTIONAL","MAINTAINABILITY"
"MAJOR","CODE_SMELL","typescript:S6850","Headings must have content and the content must be accessible by a screen reader.","apps/web/src/components/ui/markdown-renderer.tsx","64","OPEN","5min","2026-01-07T10:45:06+0530","CONVENTIONAL","MAINTAINABILITY"
"MAJOR","CODE_SMELL","typescript:S6850","Headings must have content and the content must be accessible by a screen reader.","apps/web/src/components/ui/markdown-renderer.tsx","70","OPEN","5min","2026-01-07T10:45:06+0530","CONVENTIONAL","MAINTAINABILITY"
"MINOR","CODE_SMELL","typescript:S4325","This assertion is unnecessary since it does not change the type of the expression.","apps/web/src/components/voice/VoiceChat.tsx","101","OPEN","1min","2026-01-07T10:45:06+0530","CLEAR","MAINTAINABILITY"
"MAJOR","CODE_SMELL","typescript:S3358","Extract this nested ternary operation into an independent statement.","apps/web/src/components/voice/VoiceChat.tsx","272","OPEN","5min","2026-01-07T10:45:06+0530","CLEAR","MAINTAINABILITY"
"MINOR","CODE_SMELL","typescript:S4323","Replace this union type with a type alias.","apps/web/src/hooks/useAuthState.ts","79","OPEN","5min","2026-01-07T10:45:06+0530","DISTINCT","MAINTAINABILITY"
"MINOR","CODE_SMELL","typescript:S4323","Replace this union type with a type alias.","apps/web/src/hooks/useAuthState.ts","84","OPEN","5min","2026-01-07T10:45:06+0530","DISTINCT","MAINTAINABILITY"
"MINOR","CODE_SMELL","typescript:S7781","Prefer `String#replaceAll()` over `String#replace()`.","apps/web/src/hooks/usePhoneInput.ts","39","OPEN","5min","2026-01-07T10:45:06+0530","CLEAR","MAINTAINABILITY"
"MINOR","CODE_SMELL","typescript:S4325","This assertion is unnecessary since it does not change the type of the expression.","apps/web/src/hooks/useTeacherOnboarding.ts","852","OPEN","1min","2026-01-07T10:45:06+0530","CLEAR","MAINTAINABILITY"
"MINOR","CODE_SMELL","typescript:S4323","Replace this union type with a type alias.","apps/web/src/lib/ai-service.ts","46","OPEN","5min","2026-01-07T10:45:06+0530","DISTINCT","MAINTAINABILITY"
"MINOR","CODE_SMELL","typescript:S6594","Use the ""RegExp.exec()"" method instead.","apps/web/src/lib/ai-service.ts","265","OPEN","5min","2026-01-07T10:45:06+0530","EFFICIENT","MAINTAINABILITY"
"MINOR","CODE_SMELL","typescript:S6594","Use the ""RegExp.exec()"" method instead.","apps/web/src/lib/ai-service.ts","266","OPEN","5min","2026-01-07T10:45:06+0530","EFFICIENT","MAINTAINABILITY"
"MINOR","CODE_SMELL","typescript:S6594","Use the ""RegExp.exec()"" method instead.","apps/web/src/lib/ai-service.ts","327","OPEN","5min","2026-01-07T10:45:06+0530","EFFICIENT","MAINTAINABILITY"
"MINOR","CODE_SMELL","typescript:S6594","Use the ""RegExp.exec()"" method instead.","apps/web/src/lib/ai-service.ts","328","OPEN","5min","2026-01-07T10:45:06+0530","EFFICIENT","MAINTAINABILITY"
"MINOR","CODE_SMELL","typescript:S4323","Replace this union type with a type alias.","apps/web/src/lib/ai/services/tutor-service.ts","68","OPEN","5min","2026-01-07T10:45:06+0530","DISTINCT","MAINTAINABILITY"
"MINOR","CODE_SMELL","typescript:S7735","Unexpected negated condition.","apps/web/src/lib/ai/services/tutor-service.ts","322","OPEN","2min","2026-01-07T10:45:06+0530","CLEAR","MAINTAINABILITY"
"MINOR","CODE_SMELL","typescript:S7763","Use `exportâ¦from` to re-export `BaseSignInResult`.","apps/web/src/lib/auth-handlers.ts","38","OPEN","5min","2026-01-07T10:45:06+0530","CONVENTIONAL","MAINTAINABILITY"
"MINOR","CODE_SMELL","typescript:S7781","Prefer `String#replaceAll()` over `String#replace()`.","apps/web/src/lib/code-validation.ts","51","OPEN","5min","2026-01-07T10:45:06+0530","CLEAR","MAINTAINABILITY"
"MINOR","CODE_SMELL","typescript:S7781","Prefer `String#replaceAll()` over `String#replace()`.","apps/web/src/lib/code-validation.ts","74","OPEN","5min","2026-01-07T10:45:06+0530","CLEAR","MAINTAINABILITY"
"MINOR","CODE_SMELL","typescript:S7781","Prefer `String#replaceAll()` over `String#replace()`.","apps/web/src/lib/code-validation.ts","107","OPEN","5min","2026-01-07T10:45:06+0530","CLEAR","MAINTAINABILITY"
"MINOR","CODE_SMELL","typescript:S7781","Prefer `String#replaceAll()` over `String#replace()`.","apps/web/src/lib/code-validation.ts","114","OPEN","5min","2026-01-07T10:45:06+0530","CLEAR","MAINTAINABILITY"
"MINOR","CODE_SMELL","typescript:S7723","Use `new Array()` instead of `Array()`.","apps/web/src/lib/email-validation.ts","54","OPEN","5min","2026-01-07T10:45:06+0530","CONVENTIONAL","MAINTAINABILITY"
"MINOR","CODE_SMELL","typescript:S7755","Prefer `.at(â¦)` over `[â¦.length - index]`.","apps/web/src/lib/email-validation.ts","123","OPEN","5min","2026-01-07T10:45:06+0530","CONVENTIONAL","MAINTAINABILITY"
"MAJOR","CODE_SMELL","typescript:S6660","'If' statement should not be the only statement in 'else' block","apps/web/src/lib/offline/sync-queue.ts",,"CLOSED","5min","2026-01-07T10:45:06+0530","CONVENTIONAL","MAINTAINABILITY"
"CRITICAL","CODE_SMELL","typescript:S3776","Refactor this function to reduce its Cognitive Complexity from 16 to the 15 allowed.","apps/web/src/lib/offline/sync-queue.ts",,"CLOSED","6min","2026-01-07T10:45:06+0530","FOCUSED","MAINTAINABILITY"
"CRITICAL","CODE_SMELL","typescript:S3776","Refactor this function to reduce its Cognitive Complexity from 16 to the 15 allowed.","apps/web/src/lib/offline/sync-queue.ts",,"CLOSED","6min","2026-01-07T10:45:06+0530","FOCUSED","MAINTAINABILITY"
"MAJOR","CODE_SMELL","typescript:S6660","'If' statement should not be the only statement in 'else' block","apps/web/src/lib/offline/sync-queue.ts","209","OPEN","5min","2026-01-07T10:45:06+0530","CONVENTIONAL","MAINTAINABILITY"
"MINOR","CODE_SMELL","typescript:S6353","Use concise character class syntax '\d' instead of '[0-9]'.","apps/web/src/lib/password-utils.ts","252","OPEN","5min","2026-01-07T10:45:06+0530","CLEAR","MAINTAINABILITY"
"MINOR","CODE_SMELL","typescript:S7781","Prefer `String#replaceAll()` over `String#replace()`.","apps/web/src/lib/phone-validation.ts","23","OPEN","5min","2026-01-07T10:45:06+0530","CLEAR","MAINTAINABILITY"
"MINOR","CODE_SMELL","typescript:S7781","Prefer `String#replaceAll()` over `String#replace()`.","apps/web/src/lib/phone-validation.ts","54","OPEN","5min","2026-01-07T10:45:06+0530","CLEAR","MAINTAINABILITY"
"MINOR","CODE_SMELL","typescript:S7781","Prefer `String#replaceAll()` over `String#replace()`.","apps/web/src/lib/phone-validation.ts","123","OPEN","5min","2026-01-07T10:45:06+0530","CLEAR","MAINTAINABILITY"
"MINOR","CODE_SMELL","typescript:S7781","Prefer `String#replaceAll()` over `String#replace()`.","apps/web/src/lib/phone-validation.ts","162","OPEN","5min","2026-01-07T10:45:06+0530","CLEAR","MAINTAINABILITY"
"MAJOR","CODE_SMELL","typescript:S2933","Member 'config' is never reassigned; mark it as `readonly`.","apps/web/src/lib/rate-limiter-distributed.ts",,"CLOSED","2min","2026-01-07T10:45:06+0530","CLEAR","MAINTAINABILITY"
"MAJOR","CODE_SMELL","typescript:S2933","Member 'store' is never reassigned; mark it as `readonly`.","apps/web/src/lib/rate-limiter-distributed.ts",,"CLOSED","2min","2026-01-07T10:45:06+0530","CLEAR","MAINTAINABILITY"
"MAJOR","CODE_SMELL","typescript:S2933","Member 'config' is never reassigned; mark it as `readonly`.","apps/web/src/lib/rate-limiter-distributed.ts",,"CLOSED","2min","2026-01-07T10:45:06+0530","CLEAR","MAINTAINABILITY"
"MAJOR","CODE_SMELL","typescript:S2933","Member 'fallbackLimiter' is never reassigned; mark it as `readonly`.","apps/web/src/lib/rate-limiter-distributed.ts",,"CLOSED","2min","2026-01-07T10:45:06+0530","CLEAR","MAINTAINABILITY"
"MAJOR","CODE_SMELL","typescript:S2933","Member 'limiters' is never reassigned; mark it as `readonly`.","apps/web/src/lib/rate-limiter-distributed.ts",,"CLOSED","2min","2026-01-07T10:45:06+0530","CLEAR","MAINTAINABILITY"
"MAJOR","CODE_SMELL","typescript:S2933","Member 'redisClient' is never reassigned; mark it as `readonly`.","apps/web/src/lib/rate-limiter-distributed.ts",,"CLOSED","2min","2026-01-07T10:45:06+0530","CLEAR","MAINTAINABILITY"
"MAJOR","CODE_SMELL","typescript:S2933","Member 'prefix' is never reassigned; mark it as `readonly`.","apps/web/src/lib/rate-limiter-distributed.ts",,"CLOSED","2min","2026-01-07T10:45:06+0530","CLEAR","MAINTAINABILITY"
"MAJOR","CODE_SMELL","typescript:S2933","Member 'redisClient' is never reassigned; mark it as `readonly`.","apps/web/src/lib/rate-limiter-distributed.ts",,"CLOSED","2min","2026-01-07T10:45:06+0530","CLEAR","MAINTAINABILITY"
"MINOR","CODE_SMELL","typescript:S2486","Handle this exception or don't catch it at all.","apps/web/src/lib/rate-limiter-distributed.ts","326","OPEN","1h","2026-01-07T10:45:06+0530","CLEAR","MAINTAINABILITY"
"MINOR","CODE_SMELL","typescript:S2486","Handle this exception or don't catch it at all.","apps/web/src/lib/rate-limiter-distributed.ts","402","OPEN","1h","2026-01-07T10:45:06+0530","CLEAR","MAINTAINABILITY"
"MINOR","CODE_SMELL","typescript:S2486","Handle this exception or don't catch it at all.","apps/web/src/lib/rate-limiter-distributed.ts","420","OPEN","1h","2026-01-07T10:45:06+0530","CLEAR","MAINTAINABILITY"
"MINOR","CODE_SMELL","typescript:S2486","Handle this exception or don't catch it at all.","apps/web/src/lib/rate-limiter-distributed.ts","440","OPEN","1h","2026-01-07T10:45:06+0530","CLEAR","MAINTAINABILITY"
"MINOR","CODE_SMELL","typescript:S2486","Handle this exception or don't catch it at all.","apps/web/src/lib/rate-limiter-distributed.ts","456","OPEN","1h","2026-01-07T10:45:06+0530","CLEAR","MAINTAINABILITY"
"MINOR","CODE_SMELL","typescript:S2486","Handle this exception or don't catch it at all.","apps/web/src/lib/rate-limiter-distributed.ts","475","OPEN","1h","2026-01-07T10:45:06+0530","CLEAR","MAINTAINABILITY"
"MAJOR","CODE_SMELL","typescript:S1854","Remove this useless assignment to variable ""error"".","apps/web/src/lib/services/gamification-service.ts",,"CLOSED","1min","2026-01-07T10:45:06+0530","LOGICAL","MAINTAINABILITY"
"CRITICAL","CODE_SMELL","typescript:S3776","Refactor this function to reduce its Cognitive Complexity from 28 to the 15 allowed.","apps/web/src/lib/services/gamification-service.ts",,"CLOSED","18min","2026-01-07T10:45:06+0530","FOCUSED","MAINTAINABILITY"
"MAJOR","CODE_SMELL","typescript:S2933","Member 'options' is never reassigned; mark it as `readonly`.","apps/web/src/lib/supabase-pagination.ts",,"CLOSED","2min","2026-01-07T10:45:06+0530","CLEAR","MAINTAINABILITY"
"MAJOR","CODE_SMELL","typescript:S2933","Member 'supabase' is never reassigned; mark it as `readonly`.","apps/web/src/lib/supabase-pagination.ts",,"CLOSED","2min","2026-01-07T10:45:06+0530","CLEAR","MAINTAINABILITY"
"MAJOR","CODE_SMELL","typescript:S1854","Remove this useless assignment to variable ""hasMore"".","apps/web/src/lib/supabase-pagination.ts",,"CLOSED","1min","2026-01-07T10:45:06+0530","LOGICAL","MAINTAINABILITY"
"MAJOR","CODE_SMELL","typescript:S2933","Member 'table' is never reassigned; mark it as `readonly`.","apps/web/src/lib/supabase-pagination.ts",,"CLOSED","2min","2026-01-07T10:45:06+0530","CLEAR","MAINTAINABILITY"
"CRITICAL","CODE_SMELL","typescript:S3776","Refactor this function to reduce its Cognitive Complexity from 18 to the 15 allowed.","apps/web/src/lib/supabase-pagination.ts",,"CLOSED","8min","2026-01-07T10:45:06+0530","FOCUSED","MAINTAINABILITY"
"MAJOR","CODE_SMELL","typescript:S1854","Remove this useless assignment to variable ""comparison"".","apps/web/src/lib/supabase-pagination.ts",,"CLOSED","1min","2026-01-07T10:45:06+0530","LOGICAL","MAINTAINABILITY"
"MINOR","CODE_SMELL","typescript:S7755","Prefer `.at(â¦)` over `[â¦.length - index]`.","apps/web/src/lib/supabase-pagination.ts",,"CLOSED","5min","2026-01-07T10:45:06+0530","CONVENTIONAL","MAINTAINABILITY"
"MINOR","CODE_SMELL","typescript:S7755","Prefer `.at(â¦)` over `[â¦.length - index]`.","apps/web/src/lib/supabase-pagination.ts","80","OPEN","5min","2026-01-07T10:45:06+0530","CONVENTIONAL","MAINTAINABILITY"
"MAJOR","CODE_SMELL","typescript:S2301","Provide multiple methods instead of using ""isLoading"" to determine which action to take.","apps/web/src/lib/ternary-utils.ts","88","OPEN","15min","2026-01-07T10:45:06+0530","FOCUSED","MAINTAINABILITY"
"MAJOR","CODE_SMELL","typescript:S2301","Provide multiple methods instead of using ""isDisabled"" to determine which action to take.","apps/web/src/lib/ternary-utils.ts","95","OPEN","15min","2026-01-07T10:45:06+0530","FOCUSED","MAINTAINABILITY"
"MINOR","CODE_SMELL","typescript:S7773","Prefer `Number.parseInt` over `parseInt`.","apps/web/src/lib/time-utils.ts",,"CLOSED","2min","2026-01-07T10:45:06+0530","CONVENTIONAL","MAINTAINABILITY"
"MINOR","CODE_SMELL","typescript:S7773","Prefer `Number.parseInt` over `parseInt`.","apps/web/src/lib/time-utils.ts",,"CLOSED","2min","2026-01-07T10:45:06+0530","CONVENTIONAL","MAINTAINABILITY"
"MINOR","CODE_SMELL","typescript:S7773","Prefer `Number.parseInt` over `parseInt`.","apps/web/src/lib/time-utils.ts",,"CLOSED","2min","2026-01-07T10:45:06+0530","CONVENTIONAL","MAINTAINABILITY"
"MINOR","CODE_SMELL","typescript:S6594","Use the ""RegExp.exec()"" method instead.","apps/web/src/lib/time-utils.ts","105","OPEN","5min","2026-01-07T10:45:06+0530","EFFICIENT","MAINTAINABILITY"
"MINOR","CODE_SMELL","typescript:S6594","Use the ""RegExp.exec()"" method instead.","apps/web/src/lib/time-utils.ts","106","OPEN","5min","2026-01-07T10:45:06+0530","EFFICIENT","MAINTAINABILITY"
"MINOR","CODE_SMELL","typescript:S6594","Use the ""RegExp.exec()"" method instead.","apps/web/src/lib/time-utils.ts","107","OPEN","5min","2026-01-07T10:45:06+0530","EFFICIENT","MAINTAINABILITY"
"MINOR","CODE_SMELL","typescript:S6551","'value ?? """"' will use Object's default stringification format ('[object Object]') when stringified.","apps/web/src/lib/utils/export-helpers.ts","29","OPEN","5min","2026-01-07T10:45:06+0530","LOGICAL","MAINTAINABILITY"
"MINOR","CODE_SMELL","typescript:S6353","Use concise character class syntax '\w' instead of '[a-zA-Z0-9_]'.","apps/web/src/lib/validation-schemas.ts","310","OPEN","5min","2026-01-07T10:45:06+0530","CLEAR","MAINTAINABILITY"
"MINOR","CODE_SMELL","typescript:S7735","Unexpected negated condition.","apps/web/src/app/(public)/teacher/start/page.tsx",,"CLOSED","2min","2026-01-05T14:16:30+0530","CLEAR","MAINTAINABILITY"
"MINOR","CODE_SMELL","typescript:S7735","Unexpected negated condition.","apps/web/src/app/(public)/teacher/start/page.tsx",,"CLOSED","2min","2026-01-05T14:16:30+0530","CLEAR","MAINTAINABILITY"
"MINOR","CODE_SMELL","typescript:S7735","Unexpected negated condition.","apps/web/src/app/(public)/teacher/start/page.tsx",,"CLOSED","2min","2026-01-05T14:16:30+0530","CLEAR","MAINTAINABILITY"
"MINOR","CODE_SMELL","typescript:S3863","'@/lib/validation-utils' imported multiple times.","apps/web/src/components/auth/StudentStepComponents.tsx",,"CLOSED","1min","2026-01-05T14:16:30+0530","CONVENTIONAL","MAINTAINABILITY"
"MINOR","CODE_SMELL","typescript:S1128","Remove this unused import of 'sanitizeProfilePhone'.","apps/web/src/components/auth/StudentStepComponents.tsx",,"CLOSED","1min","2026-01-05T14:16:30+0530","CLEAR","MAINTAINABILITY"
"MINOR","CODE_SMELL","typescript:S3863","'@/lib/validation-utils' imported multiple times.","apps/web/src/components/auth/StudentStepComponents.tsx",,"CLOSED","1min","2026-01-05T14:16:30+0530","CONVENTIONAL","MAINTAINABILITY"
"MINOR","CODE_SMELL","typescript:S1128","Remove this unused import of 'CLASS_CODE_LENGTH'.","apps/web/src/components/auth/StudentStepComponents.tsx",,"CLOSED","1min","2026-01-05T14:16:30+0530","CLEAR","MAINTAINABILITY"
"MINOR","CODE_SMELL","typescript:S1128","Remove this unused import of 'sanitizeClassCode'.","apps/web/src/components/auth/StudentStepComponents.tsx",,"CLOSED","1min","2026-01-05T14:16:30+0530","CLEAR","MAINTAINABILITY"
"MINOR","CODE_SMELL","typescript:S1128","Remove this unused import of 'validatePassword'.","apps/web/src/components/auth/StudentStepComponents.tsx",,"CLOSED","1min","2026-01-05T14:16:30+0530","CLEAR","MAINTAINABILITY"
"MINOR","CODE_SMELL","typescript:S1128","Remove this unused import of 'PIN_LENGTH'.","apps/web/src/components/auth/StudentStepComponents.tsx",,"CLOSED","1min","2026-01-05T14:16:30+0530","CLEAR","MAINTAINABILITY"
"MINOR","CODE_SMELL","typescript:S6767","'loading' PropType is defined but prop is never used","apps/web/src/components/auth/StudentStepComponents.tsx",,"CLOSED","5min","2026-01-05T14:16:30+0530","CONVENTIONAL","MAINTAINABILITY"
"MINOR","CODE_SMELL","typescript:S1128","Remove this unused import of 'Input'.","apps/web/src/components/auth/StudentStepComponents.tsx",,"CLOSED","1min","2026-01-05T14:16:30+0530","CLEAR","MAINTAINABILITY"
"MINOR","CODE_SMELL","typescript:S1128","Remove this unused import of 'OTP_LENGTH'.","apps/web/src/components/auth/StudentStepComponents.tsx",,"CLOSED","1min","2026-01-05T14:16:30+0530","CLEAR","MAINTAINABILITY"
"MINOR","CODE_SMELL","typescript:S1128","Remove this unused import of 'UsePhoneInputReturn'.","apps/web/src/components/auth/StudentStepComponents.tsx",,"CLOSED","1min","2026-01-05T14:16:30+0530","CLEAR","MAINTAINABILITY"
"MINOR","CODE_SMELL","typescript:S1128","Remove this unused import of 'Label'.","apps/web/src/components/auth/StudentStepComponents.tsx",,"CLOSED","1min","2026-01-05T14:16:30+0530","CLEAR","MAINTAINABILITY"
"MINOR","CODE_SMELL","typescript:S1128","Remove this unused import of 'PHONE_DIGIT_LENGTH'.","apps/web/src/components/auth/StudentStepComponents.tsx",,"CLOSED","1min","2026-01-05T14:16:30+0530","CLEAR","MAINTAINABILITY"
"MINOR","CODE_SMELL","typescript:S1128","Remove this unused import of 'UseOTPInputReturn'.","apps/web/src/components/auth/StudentStepComponents.tsx",,"CLOSED","1min","2026-01-05T14:16:30+0530","CLEAR","MAINTAINABILITY"
"MINOR","CODE_SMELL","typescript:S6767","'state' PropType is defined but prop is never used","apps/web/src/components/auth/StudentStepComponents.tsx",,"CLOSED","5min","2026-01-05T14:16:30+0530","CONVENTIONAL","MAINTAINABILITY"
"MINOR","CODE_SMELL","typescript:S1128","Remove this unused import of 'sanitizePIN'.","apps/web/src/components/auth/StudentStepComponents.tsx",,"CLOSED","1min","2026-01-05T14:16:30+0530","CLEAR","MAINTAINABILITY"
"MAJOR","CODE_SMELL","typescript:S6772","Ambiguous spacing after previous element span","apps/web/src/components/auth/StudentStepComponents.tsx","30","OPEN","5min","2026-01-05T14:16:30+0530","FORMATTED","MAINTAINABILITY"
"MAJOR","CODE_SMELL","typescript:S6772","Ambiguous spacing after previous element span","apps/web/src/components/auth/StudentStepComponents.tsx","39","OPEN","5min","2026-01-05T14:16:30+0530","FORMATTED","MAINTAINABILITY"
"MINOR","CODE_SMELL","typescript:S6759","Mark the props of the component as read-only.","apps/web/src/components/auth/TeacherStepComponents.tsx",,"CLOSED","5min","2026-01-05T14:16:30+0530","CONVENTIONAL","MAINTAINABILITY"
"MINOR","CODE_SMELL","typescript:S6759","Mark the props of the component as read-only.","apps/web/src/components/auth/TeacherStepComponents.tsx",,"CLOSED","5min","2026-01-05T14:16:30+0530","CONVENTIONAL","MAINTAINABILITY"
"MINOR","CODE_SMELL","typescript:S6759","Mark the props of the component as read-only.","apps/web/src/components/auth/TeacherStepComponents.tsx",,"CLOSED","5min","2026-01-05T14:16:30+0530","CONVENTIONAL","MAINTAINABILITY"
"MINOR","CODE_SMELL","typescript:S7781","Prefer `String#replaceAll()` over `String#replace()`.","apps/web/src/components/auth/TeacherStepComponents.tsx",,"CLOSED","5min","2026-01-05T14:16:30+0530","CLEAR","MAINTAINABILITY"
"MINOR","CODE_SMELL","typescript:S7781","Prefer `String#replaceAll()` over `String#replace()`.","apps/web/src/components/auth/TeacherStepComponents.tsx",,"CLOSED","5min","2026-01-05T14:16:30+0530","CLEAR","MAINTAINABILITY"
"MINOR","CODE_SMELL","typescript:S6759","Mark the props of the component as read-only.","apps/web/src/components/auth/TeacherStepComponents.tsx",,"CLOSED","5min","2026-01-05T14:16:30+0530","CONVENTIONAL","MAINTAINABILITY"
"MINOR","CODE_SMELL","typescript:S6759","Mark the props of the component as read-only.","apps/web/src/components/auth/TeacherStepComponents.tsx",,"CLOSED","5min","2026-01-05T14:16:30+0530","CONVENTIONAL","MAINTAINABILITY"
"MINOR","CODE_SMELL","typescript:S6767","'setStep' PropType is defined but prop is never used","apps/web/src/components/auth/TeacherStepComponents.tsx",,"CLOSED","5min","2026-01-05T14:16:30+0530","CONVENTIONAL","MAINTAINABILITY"
"MINOR","CODE_SMELL","typescript:S7781","Prefer `String#replaceAll()` over `String#replace()`.","apps/web/src/components/auth/TeacherStepComponents.tsx",,"CLOSED","5min","2026-01-05T14:16:30+0530","CLEAR","MAINTAINABILITY"
"MINOR","CODE_SMELL","typescript:S7735","Unexpected negated condition.","apps/web/src/components/auth/TeacherStepComponents.tsx",,"CLOSED","2min","2026-01-05T14:16:30+0530","CLEAR","MAINTAINABILITY"
"MINOR","CODE_SMELL","typescript:S6759","Mark the props of the component as read-only.","apps/web/src/components/auth/TeacherStepComponents.tsx",,"CLOSED","5min","2026-01-05T14:16:30+0530","CONVENTIONAL","MAINTAINABILITY"
"MINOR","CODE_SMELL","typescript:S7735","Unexpected negated condition.","apps/web/src/components/auth/TeacherStepComponents.tsx",,"CLOSED","2min","2026-01-05T14:16:30+0530","CLEAR","MAINTAINABILITY"
"MINOR","CODE_SMELL","typescript:S6767","'loading' PropType is defined but prop is never used","apps/web/src/components/auth/TeacherStepComponents.tsx",,"CLOSED","5min","2026-01-05T14:16:30+0530","CONVENTIONAL","MAINTAINABILITY"
"MINOR","CODE_SMELL","typescript:S6759","Mark the props of the component as read-only.","apps/web/src/components/auth/TeacherStepComponents.tsx",,"CLOSED","5min","2026-01-05T14:16:30+0530","CONVENTIONAL","MAINTAINABILITY"
"MINOR","CODE_SMELL","typescript:S7781","Prefer `String#replaceAll()` over `String#replace()`.","apps/web/src/components/auth/TeacherStepComponents.tsx",,"CLOSED","5min","2026-01-05T14:16:30+0530","CLEAR","MAINTAINABILITY"
"MINOR","CODE_SMELL","typescript:S6767","'router' PropType is defined but prop is never used","apps/web/src/components/auth/TeacherStepComponents.tsx",,"CLOSED","5min","2026-01-05T14:16:30+0530","CONVENTIONAL","MAINTAINABILITY"
"MAJOR","BUG","typescript:S3799","Unexpected empty object pattern.","apps/web/src/components/auth/TeacherStepComponents.tsx",,"CLOSED","5min","2026-01-05T14:16:30+0530","COMPLETE","RELIABILITY"
"MINOR","CODE_SMELL","typescript:S7735","Unexpected negated condition.","apps/web/src/components/auth/TeacherStepComponents.tsx",,"CLOSED","2min","2026-01-05T14:16:30+0530","CLEAR","MAINTAINABILITY"
"MINOR","CODE_SMELL","typescript:S6767","'loading' PropType is defined but prop is never used","apps/web/src/components/auth/TeacherStepComponents.tsx","17","OPEN","5min","2026-01-05T14:16:30+0530","CONVENTIONAL","MAINTAINABILITY"
"MINOR","CODE_SMELL","typescript:S6767","'setStep' PropType is defined but prop is never used","apps/web/src/components/auth/TeacherStepComponents.tsx","18","OPEN","5min","2026-01-05T14:16:30+0530","CONVENTIONAL","MAINTAINABILITY"
"MINOR","CODE_SMELL","typescript:S6767","'setStep' PropType is defined but prop is never used","apps/web/src/components/auth/TeacherStepComponents.tsx","18","OPEN","5min","2026-01-05T14:16:30+0530","CONVENTIONAL","MAINTAINABILITY"
"MINOR","CODE_SMELL","typescript:S6767","'setStep' PropType is defined but prop is never used","apps/web/src/components/auth/TeacherStepComponents.tsx","18","OPEN","5min","2026-01-05T14:16:30+0530","CONVENTIONAL","MAINTAINABILITY"
"MINOR","CODE_SMELL","typescript:S6767","'router' PropType is defined but prop is never used","apps/web/src/components/auth/TeacherStepComponents.tsx","19","OPEN","5min","2026-01-05T14:16:30+0530","CONVENTIONAL","MAINTAINABILITY"
"MINOR","CODE_SMELL","typescript:S6767","'router' PropType is defined but prop is never used","apps/web/src/components/auth/TeacherStepComponents.tsx","19","OPEN","5min","2026-01-05T14:16:30+0530","CONVENTIONAL","MAINTAINABILITY"
"MINOR","CODE_SMELL","typescript:S6767","'router' PropType is defined but prop is never used","apps/web/src/components/auth/TeacherStepComponents.tsx","19","OPEN","5min","2026-01-05T14:16:30+0530","CONVENTIONAL","MAINTAINABILITY"
"MINOR","CODE_SMELL","typescript:S6767","'router' PropType is defined but prop is never used","apps/web/src/components/auth/TeacherStepComponents.tsx","19","OPEN","5min","2026-01-05T14:16:30+0530","CONVENTIONAL","MAINTAINABILITY"
"MINOR","CODE_SMELL","typescript:S6767","'router' PropType is defined but prop is never used","apps/web/src/components/auth/TeacherStepComponents.tsx","19","OPEN","5min","2026-01-05T14:16:30+0530","CONVENTIONAL","MAINTAINABILITY"
"CRITICAL","CODE_SMELL","typescript:S3776","Refactor this function to reduce its Cognitive Complexity from 16 to the 15 allowed.","apps/web/src/hooks/useTeacherOnboarding.ts",,"CLOSED","6min","2026-01-05T14:16:30+0530","FOCUSED","MAINTAINABILITY"
"MINOR","CODE_SMELL","typescript:S7718","The catch parameter `profileErr` should be named `error_`.","apps/web/src/hooks/useTeacherOnboarding.ts",,"CLOSED","5min","2026-01-05T14:16:30+0530","CONVENTIONAL","MAINTAINABILITY"
"MINOR","CODE_SMELL","typescript:S4323","Replace this union type with a type alias.","apps/web/src/hooks/useTeacherOnboarding.ts","87","OPEN","5min","2026-01-05T14:16:30+0530","DISTINCT","MAINTAINABILITY"
"MAJOR","CODE_SMELL","typescript:S6660","'If' statement should not be the only statement in 'else' block","apps/web/src/hooks/useTeacherOnboarding.ts","683","OPEN","5min","2026-01-05T14:16:30+0530","CONVENTIONAL","MAINTAINABILITY"
"MINOR","CODE_SMELL","typescript:S7718","The catch parameter `refreshErr` should be named `error_`.","apps/web/src/hooks/useTeacherOnboarding.ts","872","OPEN","5min","2026-01-05T14:16:30+0530","CONVENTIONAL","MAINTAINABILITY"
"MINOR","CODE_SMELL","typescript:S4325","This assertion is unnecessary since the receiver accepts the original type of the expression.","apps/web/src/app/(public)/admin/admins/page.tsx",,"CLOSED","1min","2026-01-04T23:03:28+0530","CLEAR","MAINTAINABILITY"
"MINOR","CODE_SMELL","typescript:S4325","This assertion is unnecessary since the receiver accepts the original type of the expression.","apps/web/src/app/(public)/admin/admins/page.tsx",,"CLOSED","1min","2026-01-04T23:03:28+0530","CLEAR","MAINTAINABILITY"
"MINOR","CODE_SMELL","typescript:S7764","Prefer `globalThis` over `window`.","apps/web/src/app/(public)/admin/create/page.tsx",,"CLOSED","2min","2026-01-04T23:03:28+0530","CONVENTIONAL","MAINTAINABILITY"
"MINOR","CODE_SMELL","typescript:S7764","Prefer `globalThis` over `window`.","apps/web/src/app/(public)/admin/create/page.tsx",,"CLOSED","2min","2026-01-04T23:03:28+0530","CONVENTIONAL","MAINTAINABILITY"
"MINOR","CODE_SMELL","typescript:S7764","Prefer `globalThis` over `window`.","apps/web/src/app/(public)/admin/create/page.tsx",,"CLOSED","2min","2026-01-04T23:03:28+0530","CONVENTIONAL","MAINTAINABILITY"
"MINOR","CODE_SMELL","typescript:S4325","This assertion is unnecessary since the receiver accepts the original type of the expression.","apps/web/src/app/(public)/admin/dashboard/page.tsx",,"CLOSED","1min","2026-01-04T23:03:28+0530","CLEAR","MAINTAINABILITY"
"MINOR","CODE_SMELL","typescript:S4325","This assertion is unnecessary since the receiver accepts the original type of the expression.","apps/web/src/app/(public)/admin/dashboard/page.tsx",,"CLOSED","1min","2026-01-04T23:03:28+0530","CLEAR","MAINTAINABILITY"
"MINOR","CODE_SMELL","typescript:S4325","This assertion is unnecessary since the receiver accepts the original type of the expression.","apps/web/src/app/(public)/admin/dashboard/page.tsx",,"CLOSED","1min","2026-01-04T23:03:28+0530","CLEAR","MAINTAINABILITY"
"MINOR","CODE_SMELL","typescript:S4325","This assertion is unnecessary since the receiver accepts the original type of the expression.","apps/web/src/app/(public)/admin/dashboard/page.tsx",,"CLOSED","1min","2026-01-04T23:03:28+0530","CLEAR","MAINTAINABILITY"
"MINOR","CODE_SMELL","typescript:S7764","Prefer `globalThis` over `window`.","apps/web/src/app/(public)/admin/manage/page.tsx",,"CLOSED","2min","2026-01-04T23:03:28+0530","CONVENTIONAL","MAINTAINABILITY"
"MINOR","CODE_SMELL","typescript:S7735","Unexpected negated condition.","apps/web/src/app/(public)/admin/manage/page.tsx",,"CLOSED","2min","2026-01-04T23:03:28+0530","CLEAR","MAINTAINABILITY"
"MINOR","BUG","typescript:S1082","Visible, non-interactive elements with click handlers must have at least one keyboard listener.","apps/web/src/app/(public)/admin/manage/page.tsx",,"CLOSED","5min","2026-01-04T23:03:28+0530","COMPLETE","RELIABILITY"
"MAJOR","CODE_SMELL","typescript:S6848","Avoid non-native interactive elements. If using native HTML is not possible, add an appropriate role and support for tabbing, mouse, keyboard, and touch inputs to an interactive content element.","apps/web/src/app/(public)/admin/manage/page.tsx",,"CLOSED","5min","2026-01-04T23:03:28+0530","CONVENTIONAL","MAINTAINABILITY"
"MINOR","CODE_SMELL","typescript:S7764","Prefer `globalThis` over `window`.","apps/web/src/app/(public)/admin/manage/page.tsx",,"CLOSED","2min","2026-01-04T23:03:28+0530","CONVENTIONAL","MAINTAINABILITY"
"CRITICAL","CODE_SMELL","typescript:S3776","Refactor this function to reduce its Cognitive Complexity from 17 to the 15 allowed.","apps/web/src/app/(public)/admin/manage/page.tsx",,"CLOSED","7min","2026-01-04T23:03:28+0530","FOCUSED","MAINTAINABILITY"
"MINOR","CODE_SMELL","typescript:S7764","Prefer `globalThis` over `window`.","apps/web/src/app/(public)/admin/manage/page.tsx",,"CLOSED","2min","2026-01-04T23:03:28+0530","CONVENTIONAL","MAINTAINABILITY"
"MINOR","CODE_SMELL","typescript:S7764","Prefer `globalThis` over `window`.","apps/web/src/app/(public)/admin/manage/page.tsx",,"CLOSED","2min","2026-01-04T23:03:28+0530","CONVENTIONAL","MAINTAINABILITY"
"MINOR","CODE_SMELL","typescript:S7764","Prefer `globalThis` over `window`.","apps/web/src/app/(public)/admin/manage/page.tsx",,"CLOSED","2min","2026-01-04T23:03:28+0530","CONVENTIONAL","MAINTAINABILITY"
"MAJOR","CODE_SMELL","typescript:S6848","Avoid non-native interactive elements. If using native HTML is not possible, add an appropriate role and support for tabbing, mouse, keyboard, and touch inputs to an interactive content element.","apps/web/src/app/(public)/admin/manage/page.tsx",,"CLOSED","5min","2026-01-04T23:03:28+0530","CONVENTIONAL","MAINTAINABILITY"
"MINOR","BUG","typescript:S1082","Visible, non-interactive elements with click handlers must have at least one keyboard listener.","apps/web/src/app/(public)/admin/manage/page.tsx",,"CLOSED","5min","2026-01-04T23:03:28+0530","COMPLETE","RELIABILITY"
"MINOR","CODE_SMELL","typescript:S1128","Remove this unused import of 'checkAdminExists'.","apps/web/src/app/(public)/admin/manage/page.tsx",,"CLOSED","1min","2026-01-04T23:03:28+0530","CLEAR","MAINTAINABILITY"
"MINOR","CODE_SMELL","typescript:S4325","This assertion is unnecessary since the receiver accepts the original type of the expression.","apps/web/src/app/(public)/admin/pins/page.tsx",,"CLOSED","1min","2026-01-04T23:03:28+0530","CLEAR","MAINTAINABILITY"
"MINOR","CODE_SMELL","typescript:S4325","This assertion is unnecessary since the receiver accepts the original type of the expression.","apps/web/src/app/(public)/admin/pins/page.tsx",,"CLOSED","1min","2026-01-04T23:03:28+0530","CLEAR","MAINTAINABILITY"
"CRITICAL","CODE_SMELL","typescript:S3776","Refactor this function to reduce its Cognitive Complexity from 18 to the 15 allowed.","apps/web/src/app/(public)/admin/pins/page.tsx",,"CLOSED","8min","2026-01-04T23:03:28+0530","FOCUSED","MAINTAINABILITY"
"MINOR","CODE_SMELL","typescript:S4325","This assertion is unnecessary since the receiver accepts the original type of the expression.","apps/web/src/app/(public)/admin/pins/page.tsx",,"CLOSED","1min","2026-01-04T23:03:28+0530","CLEAR","MAINTAINABILITY"
"MINOR","CODE_SMELL","typescript:S4325","This assertion is unnecessary since the receiver accepts the original type of the expression.","apps/web/src/app/(public)/admin/pins/page.tsx",,"CLOSED","1min","2026-01-04T23:03:28+0530","CLEAR","MAINTAINABILITY"
"MAJOR","CODE_SMELL","typescript:S6853","A form label must be associated with a control.","apps/web/src/app/(public)/admin/pins/page.tsx",,"CLOSED","5min","2026-01-04T23:03:28+0530","LOGICAL","RELIABILITY"
"MINOR","CODE_SMELL","typescript:S7764","Prefer `globalThis` over `window`.","apps/web/src/app/(public)/admin/setup/page.tsx",,"CLOSED","2min","2026-01-04T23:03:28+0530","CONVENTIONAL","MAINTAINABILITY"
"MAJOR","CODE_SMELL","typescript:S6582","Prefer using an optional chain expression instead, as it's more concise and easier to read.","apps/web/src/app/(public)/join/page.tsx",,"CLOSED","5min","2026-01-04T23:03:28+0530","CLEAR","MAINTAINABILITY"
"MINOR","CODE_SMELL","typescript:S7781","Prefer `String#replaceAll()` over `String#replace()`.","apps/web/src/app/(public)/join/page.tsx",,"CLOSED","5min","2026-01-04T23:03:28+0530","CLEAR","MAINTAINABILITY"
"MINOR","CODE_SMELL","typescript:S6759","Mark the props of the component as read-only.","apps/web/src/app/(public)/join/page.tsx","24","OPEN","5min","2026-01-04T23:03:28+0530","CONVENTIONAL","MAINTAINABILITY"
"MAJOR","CODE_SMELL","typescript:S6772","Ambiguous spacing after previous element span","apps/web/src/app/(public)/join/page.tsx","49","OPEN","5min","2026-01-04T23:03:28+0530","FORMATTED","MAINTAINABILITY"
"MAJOR","CODE_SMELL","typescript:S6772","Ambiguous spacing after previous element span","apps/web/src/app/(public)/join/page.tsx","58","OPEN","5min","2026-01-04T23:03:28+0530","FORMATTED","MAINTAINABILITY"
"MINOR","CODE_SMELL","typescript:S6759","Mark the props of the component as read-only.","apps/web/src/app/(public)/join/page.tsx","85","OPEN","5min","2026-01-04T23:03:28+0530","CONVENTIONAL","MAINTAINABILITY"
"MINOR","CODE_SMELL","typescript:S7735","Unexpected negated condition.","apps/web/src/app/(public)/join/page.tsx","111","OPEN","2min","2026-01-04T23:03:28+0530","CLEAR","MAINTAINABILITY"
"MINOR","CODE_SMELL","typescript:S7735","Unexpected negated condition.","apps/web/src/app/(public)/join/page.tsx","140","OPEN","2min","2026-01-04T23:03:28+0530","CLEAR","MAINTAINABILITY"
"MAJOR","CODE_SMELL","typescript:S6772","Ambiguous spacing before next element span","apps/web/src/app/(public)/join/page.tsx","191","OPEN","5min","2026-01-04T23:03:28+0530","FORMATTED","MAINTAINABILITY"
"MAJOR","CODE_SMELL","typescript:S6772","Ambiguous spacing before next element span","apps/web/src/app/(public)/join/page.tsx","272","OPEN","5min","2026-01-04T23:03:28+0530","FORMATTED","MAINTAINABILITY"
"MINOR","CODE_SMELL","typescript:S6759","Mark the props of the component as read-only.","apps/web/src/app/(public)/join/page.tsx","303","OPEN","5min","2026-01-04T23:03:28+0530","CONVENTIONAL","MAINTAINABILITY"
"MINOR","CODE_SMELL","typescript:S7781","Prefer `String#replaceAll()` over `String#replace()`.","apps/web/src/app/(public)/reset-password/page.tsx",,"CLOSED","5min","2026-01-04T23:03:28+0530","CLEAR","MAINTAINABILITY"
"MAJOR","CODE_SMELL","typescript:S1854","Remove this useless assignment to variable ""otpInput"".","apps/web/src/app/(public)/reset-password/page.tsx",,"CLOSED","1min","2026-01-04T23:03:28+0530","LOGICAL","MAINTAINABILITY"
"MINOR","CODE_SMELL","typescript:S7735","Unexpected negated condition.","apps/web/src/app/(public)/student/start/page.tsx",,"CLOSED","2min","2026-01-04T23:03:28+0530","CLEAR","MAINTAINABILITY"
"MAJOR","CODE_SMELL","typescript:S6772","Ambiguous spacing before next element span","apps/web/src/app/(public)/student/start/page.tsx",,"CLOSED","5min","2026-01-04T23:03:28+0530","FORMATTED","MAINTAINABILITY"
"MAJOR","CODE_SMELL","typescript:S6772","Ambiguous spacing before next element span","apps/web/src/app/(public)/student/start/page.tsx",,"CLOSED","5min","2026-01-04T23:03:28+0530","FORMATTED","MAINTAINABILITY"
"MINOR","CODE_SMELL","typescript:S7735","Unexpected negated condition.","apps/web/src/app/(public)/student/start/page.tsx",,"CLOSED","2min","2026-01-04T23:03:28+0530","CLEAR","MAINTAINABILITY"
"MINOR","CODE_SMELL","typescript:S7735","Unexpected negated condition.","apps/web/src/app/(public)/student/start/page.tsx",,"CLOSED","2min","2026-01-04T23:03:28+0530","CLEAR","MAINTAINABILITY"
"MINOR","CODE_SMELL","typescript:S7735","Unexpected negated condition.","apps/web/src/app/(public)/student/start/page.tsx",,"CLOSED","2min","2026-01-04T23:03:28+0530","CLEAR","MAINTAINABILITY"
"MAJOR","CODE_SMELL","typescript:S6772","Ambiguous spacing before next element span","apps/web/src/app/(public)/student/start/page.tsx",,"CLOSED","5min","2026-01-04T23:03:28+0530","FORMATTED","MAINTAINABILITY"
"MINOR","CODE_SMELL","typescript:S7735","Unexpected negated condition.","apps/web/src/app/(public)/student/start/page.tsx",,"CLOSED","2min","2026-01-04T23:03:28+0530","CLEAR","MAINTAINABILITY"
"MAJOR","CODE_SMELL","typescript:S6772","Ambiguous spacing after previous element span","apps/web/src/app/(public)/student/start/page.tsx",,"CLOSED","5min","2026-01-04T23:03:28+0530","FORMATTED","MAINTAINABILITY"
"MAJOR","CODE_SMELL","typescript:S6772","Ambiguous spacing before next element span","apps/web/src/app/(public)/student/start/page.tsx",,"CLOSED","5min","2026-01-04T23:03:28+0530","FORMATTED","MAINTAINABILITY"
"MINOR","CODE_SMELL","typescript:S7781","Prefer `String#replaceAll()` over `String#replace()`.","apps/web/src/app/(public)/student/start/page.tsx",,"CLOSED","5min","2026-01-04T23:03:28+0530","CLEAR","MAINTAINABILITY"
"MINOR","CODE_SMELL","typescript:S7718","The catch parameter `refreshErr` should be named `error_`.","apps/web/src/app/(public)/student/start/page.tsx",,"CLOSED","5min","2026-01-04T23:03:28+0530","CONVENTIONAL","MAINTAINABILITY"
"MINOR","CODE_SMELL","typescript:S7781","Prefer `String#replaceAll()` over `String#replace()`.","apps/web/src/app/(public)/student/start/page.tsx",,"CLOSED","5min","2026-01-04T23:03:28+0530","CLEAR","MAINTAINABILITY"
"MAJOR","CODE_SMELL","typescript:S6772","Ambiguous spacing before next element span","apps/web/src/app/(public)/student/start/page.tsx",,"CLOSED","5min","2026-01-04T23:03:28+0530","FORMATTED","MAINTAINABILITY"
"MAJOR","CODE_SMELL","typescript:S6772","Ambiguous spacing before next element span","apps/web/src/app/(public)/student/start/page.tsx",,"CLOSED","5min","2026-01-04T23:03:28+0530","FORMATTED","MAINTAINABILITY"
"MINOR","CODE_SMELL","typescript:S4325","This assertion is unnecessary since it does not change the type of the expression.","apps/web/src/app/(public)/student/start/page.tsx",,"CLOSED","1min","2026-01-04T23:03:28+0530","CLEAR","MAINTAINABILITY"
"MAJOR","CODE_SMELL","typescript:S6772","Ambiguous spacing before next element span","apps/web/src/app/(public)/student/start/page.tsx",,"CLOSED","5min","2026-01-04T23:03:28+0530","FORMATTED","MAINTAINABILITY"
"MINOR","CODE_SMELL","typescript:S7735","Unexpected negated condition.","apps/web/src/app/(public)/student/start/page.tsx",,"CLOSED","2min","2026-01-04T23:03:28+0530","CLEAR","MAINTAINABILITY"
"MAJOR","CODE_SMELL","typescript:S6772","Ambiguous spacing before next element span","apps/web/src/app/(public)/student/start/page.tsx",,"CLOSED","5min","2026-01-04T23:03:28+0530","FORMATTED","MAINTAINABILITY"
"MAJOR","CODE_SMELL","typescript:S6772","Ambiguous spacing after previous element span","apps/web/src/app/(public)/student/start/page.tsx",,"CLOSED","5min","2026-01-04T23:03:28+0530","FORMATTED","MAINTAINABILITY"
"MINOR","CODE_SMELL","typescript:S7735","Unexpected negated condition.","apps/web/src/app/(public)/student/start/page.tsx",,"CLOSED","2min","2026-01-04T23:03:28+0530","CLEAR","MAINTAINABILITY"
"MAJOR","CODE_SMELL","typescript:S6772","Ambiguous spacing before next element span","apps/web/src/app/(public)/student/start/page.tsx",,"CLOSED","5min","2026-01-04T23:03:28+0530","FORMATTED","MAINTAINABILITY"
"CRITICAL","CODE_SMELL","typescript:S3776","Refactor this function to reduce its Cognitive Complexity from 24 to the 15 allowed.","apps/web/src/app/(public)/student/start/page.tsx",,"CLOSED","14min","2026-01-04T23:03:28+0530","FOCUSED","MAINTAINABILITY"
"MAJOR","CODE_SMELL","typescript:S6772","Ambiguous spacing before next element span","apps/web/src/app/(public)/student/start/page.tsx",,"CLOSED","5min","2026-01-04T23:03:28+0530","FORMATTED","MAINTAINABILITY"
"MAJOR","CODE_SMELL","typescript:S6772","Ambiguous spacing before next element span","apps/web/src/app/(public)/student/start/page.tsx",,"CLOSED","5min","2026-01-04T23:03:28+0530","FORMATTED","MAINTAINABILITY"
"MAJOR","CODE_SMELL","typescript:S6772","Ambiguous spacing before next element span","apps/web/src/app/(public)/student/start/page.tsx",,"CLOSED","5min","2026-01-04T23:03:28+0530","FORMATTED","MAINTAINABILITY"
"MINOR","CODE_SMELL","typescript:S7781","Prefer `String#replaceAll()` over `String#replace()`.","apps/web/src/app/(public)/teacher/start/page.tsx",,"CLOSED","5min","2026-01-04T23:03:28+0530","CLEAR","MAINTAINABILITY"
"MAJOR","CODE_SMELL","typescript:S6660","'If' statement should not be the only statement in 'else' block","apps/web/src/app/(public)/teacher/start/page.tsx",,"CLOSED","5min","2026-01-04T23:03:28+0530","CONVENTIONAL","MAINTAINABILITY"
"MINOR","CODE_SMELL","typescript:S7781","Prefer `String#replaceAll()` over `String#replace()`.","apps/web/src/app/(public)/teacher/start/page.tsx",,"CLOSED","5min","2026-01-04T23:03:28+0530","CLEAR","MAINTAINABILITY"
"MINOR","CODE_SMELL","typescript:S7718","The catch parameter `profileErr` should be named `error_`.","apps/web/src/app/(public)/teacher/start/page.tsx",,"CLOSED","5min","2026-01-04T23:03:28+0530","CONVENTIONAL","MAINTAINABILITY"
"MINOR","CODE_SMELL","typescript:S7781","Prefer `String#replaceAll()` over `String#replace()`.","apps/web/src/app/(public)/teacher/start/page.tsx",,"CLOSED","5min","2026-01-04T23:03:28+0530","CLEAR","MAINTAINABILITY"
"MINOR","CODE_SMELL","typescript:S2486","Handle this exception or don't catch it at all.","apps/web/src/app/(public)/teacher/start/page.tsx",,"CLOSED","1h","2026-01-04T23:03:28+0530","CLEAR","MAINTAINABILITY"
"MINOR","CODE_SMELL","typescript:S2486","Handle this exception or don't catch it at all.","apps/web/src/app/(public)/teacher/start/page.tsx",,"CLOSED","1h","2026-01-04T23:03:28+0530","CLEAR","MAINTAINABILITY"
"CRITICAL","CODE_SMELL","typescript:S3776","Refactor this function to reduce its Cognitive Complexity from 23 to the 15 allowed.","apps/web/src/app/(public)/teacher/start/page.tsx",,"CLOSED","13min","2026-01-04T23:03:28+0530","FOCUSED","MAINTAINABILITY"
"MINOR","CODE_SMELL","typescript:S2486","Handle this exception or don't catch it at all.","apps/web/src/app/(public)/teacher/start/page.tsx",,"CLOSED","1h","2026-01-04T23:03:28+0530","CLEAR","MAINTAINABILITY"
"MINOR","CODE_SMELL","typescript:S7735","Unexpected negated condition.","apps/web/src/app/(public)/teacher/start/page.tsx",,"CLOSED","2min","2026-01-04T23:03:28+0530","CLEAR","MAINTAINABILITY"
"CRITICAL","CODE_SMELL","typescript:S3776","Refactor this function to reduce its Cognitive Complexity from 16 to the 15 allowed.","apps/web/src/app/(public)/teacher/start/page.tsx",,"CLOSED","6min","2026-01-04T23:03:28+0530","FOCUSED","MAINTAINABILITY"
"MINOR","CODE_SMELL","typescript:S2486","Handle this exception or don't catch it at all.","apps/web/src/app/(public)/teacher/start/page.tsx",,"CLOSED","1h","2026-01-04T23:03:28+0530","CLEAR","MAINTAINABILITY"
"MINOR","CODE_SMELL","typescript:S7781","Prefer `String#replaceAll()` over `String#replace()`.","apps/web/src/app/(public)/teacher/start/page.tsx",,"CLOSED","5min","2026-01-04T23:03:28+0530","CLEAR","MAINTAINABILITY"
"MINOR","CODE_SMELL","typescript:S2486","Handle this exception or don't catch it at all.","apps/web/src/app/(public)/teacher/start/page.tsx",,"CLOSED","1h","2026-01-04T23:03:28+0530","CLEAR","MAINTAINABILITY"
"MINOR","CODE_SMELL","typescript:S7735","Unexpected negated condition.","apps/web/src/app/(public)/teacher/start/page.tsx",,"CLOSED","2min","2026-01-04T23:03:28+0530","CLEAR","MAINTAINABILITY"
"MINOR","CODE_SMELL","typescript:S7735","Unexpected negated condition.","apps/web/src/app/(public)/teacher/start/page.tsx",,"CLOSED","2min","2026-01-04T23:03:28+0530","CLEAR","MAINTAINABILITY"
"MINOR","CODE_SMELL","typescript:S7718","The catch parameter `refreshErr` should be named `error_`.","apps/web/src/app/(public)/teacher/start/page.tsx",,"CLOSED","5min","2026-01-04T23:03:28+0530","CONVENTIONAL","MAINTAINABILITY"
"MINOR","CODE_SMELL","typescript:S2486","Handle this exception or don't catch it at all.","apps/web/src/app/(public)/teacher/start/page.tsx",,"CLOSED","1h","2026-01-04T23:03:28+0530","CLEAR","MAINTAINABILITY"
"MINOR","CODE_SMELL","typescript:S1128","Remove this unused import of 'getCurrentUser'.","apps/web/src/app/actions/admin-auth.ts",,"CLOSED","1min","2026-01-04T23:03:28+0530","CLEAR","MAINTAINABILITY"
"CRITICAL","CODE_SMELL","typescript:S3776","Refactor this function to reduce its Cognitive Complexity from 29 to the 15 allowed.","apps/web/src/app/actions/admin-management.ts",,"CLOSED","19min","2026-01-04T23:03:28+0530","FOCUSED","MAINTAINABILITY"
"MINOR","CODE_SMELL","typescript:S4325","This assertion is unnecessary since it does not change the type of the expression.","apps/web/src/app/actions/admin-metrics.ts",,"CLOSED","1min","2026-01-04T23:03:28+0530","CLEAR","MAINTAINABILITY"
"MINOR","CODE_SMELL","typescript:S4325","This assertion is unnecessary since it does not change the type of the expression.","apps/web/src/app/actions/admin-metrics.ts",,"CLOSED","1min","2026-01-04T23:03:28+0530","CLEAR","MAINTAINABILITY"
"MINOR","CODE_SMELL","typescript:S4325","This assertion is unnecessary since it does not change the type of the expression.","apps/web/src/app/actions/admin-metrics.ts",,"CLOSED","1min","2026-01-04T23:03:28+0530","CLEAR","MAINTAINABILITY"
"MINOR","CODE_SMELL","typescript:S4325","This assertion is unnecessary since it does not change the type of the expression.","apps/web/src/app/actions/admin-metrics.ts",,"CLOSED","1min","2026-01-04T23:03:28+0530","CLEAR","MAINTAINABILITY"
"MINOR","CODE_SMELL","typescript:S4325","This assertion is unnecessary since it does not change the type of the expression.","apps/web/src/app/actions/admin-metrics.ts",,"CLOSED","1min","2026-01-04T23:03:28+0530","CLEAR","MAINTAINABILITY"
"MINOR","CODE_SMELL","typescript:S4325","This assertion is unnecessary since it does not change the type of the expression.","apps/web/src/app/actions/admin-metrics.ts",,"CLOSED","1min","2026-01-04T23:03:28+0530","CLEAR","MAINTAINABILITY"
"MINOR","CODE_SMELL","typescript:S4325","This assertion is unnecessary since it does not change the type of the expression.","apps/web/src/app/actions/admin-metrics.ts",,"CLOSED","1min","2026-01-04T23:03:28+0530","CLEAR","MAINTAINABILITY"
"MINOR","CODE_SMELL","typescript:S4325","This assertion is unnecessary since it does not change the type of the expression.","apps/web/src/app/actions/admin-metrics.ts",,"CLOSED","1min","2026-01-04T23:03:28+0530","CLEAR","MAINTAINABILITY"
"MINOR","CODE_SMELL","typescript:S4325","This assertion is unnecessary since it does not change the type of the expression.","apps/web/src/app/actions/admin-metrics.ts",,"CLOSED","1min","2026-01-04T23:03:28+0530","CLEAR","MAINTAINABILITY"
"MINOR","CODE_SMELL","typescript:S4325","This assertion is unnecessary since it does not change the type of the expression.","apps/web/src/app/actions/admin-pin-management.ts",,"CLOSED","1min","2026-01-04T23:03:28+0530","CLEAR","MAINTAINABILITY"
"MINOR","CODE_SMELL","typescript:S4325","This assertion is unnecessary since it does not change the type of the expression.","apps/web/src/app/actions/admin-pin-management.ts",,"CLOSED","1min","2026-01-04T23:03:28+0530","CLEAR","MAINTAINABILITY"
"MINOR","CODE_SMELL","typescript:S4325","This assertion is unnecessary since it does not change the type of the expression.","apps/web/src/app/actions/admin-pin-management.ts",,"CLOSED","1min","2026-01-04T23:03:28+0530","CLEAR","MAINTAINABILITY"
"MINOR","CODE_SMELL","typescript:S4325","This assertion is unnecessary since it does not change the type of the expression.","apps/web/src/app/actions/admin-pin-management.ts",,"CLOSED","1min","2026-01-04T23:03:28+0530","CLEAR","MAINTAINABILITY"
"MAJOR","CODE_SMELL","typescript:S6582","Prefer using an optional chain expression instead, as it's more concise and easier to read.","apps/web/src/app/actions/admin-pin-management.ts","251","OPEN","5min","2026-01-04T23:03:28+0530","CLEAR","MAINTAINABILITY"
"MINOR","CODE_SMELL","typescript:S4323","Replace this union type with a type alias.","apps/web/src/app/actions/ai.ts",,"CLOSED","5min","2026-01-04T23:03:28+0530","DISTINCT","MAINTAINABILITY"
"MINOR","CODE_SMELL","typescript:S1128","Remove this unused import of 'createClient'.","apps/web/src/app/actions/ai.ts",,"CLOSED","1min","2026-01-04T23:03:28+0530","CLEAR","MAINTAINABILITY"
"CRITICAL","CODE_SMELL","typescript:S3776","Refactor this function to reduce its Cognitive Complexity from 18 to the 15 allowed.","apps/web/src/app/actions/assessment.ts",,"CLOSED","8min","2026-01-04T23:03:28+0530","FOCUSED","MAINTAINABILITY"
"MINOR","CODE_SMELL","typescript:S7748","Don't use a zero fraction in the number.","apps/web/src/app/actions/assessment.ts",,"CLOSED","1min","2026-01-04T23:03:28+0530","CONVENTIONAL","MAINTAINABILITY"
"MINOR","CODE_SMELL","typescript:S7748","Don't use a zero fraction in the number.","apps/web/src/app/actions/assessment.ts",,"CLOSED","1min","2026-01-04T23:03:28+0530","CONVENTIONAL","MAINTAINABILITY"
"MINOR","CODE_SMELL","typescript:S7748","Don't use a zero fraction in the number.","apps/web/src/app/actions/assessment.ts",,"CLOSED","1min","2026-01-04T23:03:28+0530","CONVENTIONAL","MAINTAINABILITY"
"MINOR","CODE_SMELL","typescript:S4325","This assertion is unnecessary since it does not change the type of the expression.","apps/web/src/app/actions/assessment.ts",,"CLOSED","1min","2026-01-04T23:03:28+0530","CLEAR","MAINTAINABILITY"
"CRITICAL","CODE_SMELL","typescript:S3776","Refactor this function to reduce its Cognitive Complexity from 21 to the 15 allowed.","apps/web/src/app/actions/assessment.ts",,"CLOSED","11min","2026-01-04T23:03:28+0530","FOCUSED","MAINTAINABILITY"
"MINOR","CODE_SMELL","typescript:S4325","This assertion is unnecessary since it does not change the type of the expression.","apps/web/src/app/actions/assessment.ts",,"CLOSED","1min","2026-01-04T23:03:28+0530","CLEAR","MAINTAINABILITY"
"MINOR","CODE_SMELL","typescript:S7776","`targetCategories` should be a `Set`, and use `targetCategories.has()` to check existence or non-existence.","apps/web/src/app/actions/assessment.ts",,"CLOSED","5min","2026-01-04T23:03:28+0530","EFFICIENT","MAINTAINABILITY"
"MAJOR","CODE_SMELL","typescript:S6582","Prefer using an optional chain expression instead, as it's more concise and easier to read.","apps/web/src/app/actions/assessment.ts",,"CLOSED","5min","2026-01-04T23:03:28+0530","CLEAR","MAINTAINABILITY"
"MINOR","CODE_SMELL","typescript:S7718","The catch parameter `signOutErr` should be named `error_`.","apps/web/src/app/actions/auth.ts",,"CLOSED","5min","2026-01-04T23:03:28+0530","CONVENTIONAL","MAINTAINABILITY"
"CRITICAL","CODE_SMELL","typescript:S3776","Refactor this function to reduce its Cognitive Complexity from 20 to the 15 allowed.","apps/web/src/app/actions/auth.ts",,"CLOSED","10min","2026-01-04T23:03:28+0530","FOCUSED","MAINTAINABILITY"
"MAJOR","CODE_SMELL","typescript:S1854","Remove this useless assignment to variable ""profileResult"".","apps/web/src/app/actions/auth.ts",,"CLOSED","1min","2026-01-04T23:03:28+0530","LOGICAL","MAINTAINABILITY"
"CRITICAL","CODE_SMELL","typescript:S3776","Refactor this function to reduce its Cognitive Complexity from 31 to the 15 allowed.","apps/web/src/app/actions/dashboard-stats.ts",,"CLOSED","21min","2026-01-04T23:03:28+0530","FOCUSED","MAINTAINABILITY"
"CRITICAL","CODE_SMELL","typescript:S3776","Refactor this function to reduce its Cognitive Complexity from 23 to the 15 allowed.","apps/web/src/app/actions/dashboard-stats.ts",,"CLOSED","13min","2026-01-04T23:03:28+0530","FOCUSED","MAINTAINABILITY"
"MAJOR","CODE_SMELL","typescript:S6582","Prefer using an optional chain expression instead, as it's more concise and easier to read.","apps/web/src/app/actions/school.ts",,"CLOSED","5min","2026-01-04T23:03:28+0530","CLEAR","MAINTAINABILITY"
"CRITICAL","CODE_SMELL","typescript:S3776","Refactor this function to reduce its Cognitive Complexity from 23 to the 15 allowed.","apps/web/src/app/actions/school.ts",,"CLOSED","13min","2026-01-04T23:03:28+0530","FOCUSED","MAINTAINABILITY"
"CRITICAL","CODE_SMELL","typescript:S3776","Refactor this function to reduce its Cognitive Complexity from 24 to the 15 allowed.","apps/web/src/app/actions/school.ts",,"CLOSED","14min","2026-01-04T23:03:28+0530","FOCUSED","MAINTAINABILITY"
"MAJOR","CODE_SMELL","typescript:S1854","Remove this useless assignment to variable ""supabase"".","apps/web/src/app/actions/school.ts",,"CLOSED","1min","2026-01-04T23:03:28+0530","LOGICAL","MAINTAINABILITY"
"MINOR","CODE_SMELL","typescript:S7735","Unexpected negated condition.","apps/web/src/app/actions/school.ts",,"CLOSED","2min","2026-01-04T23:03:28+0530","CLEAR","MAINTAINABILITY"
"MINOR","CODE_SMELL","typescript:S1128","Remove this unused import of 'z'.","apps/web/src/app/actions/school.ts",,"CLOSED","1min","2026-01-04T23:03:28+0530","CLEAR","MAINTAINABILITY"
"MAJOR","CODE_SMELL","typescript:S6582","Prefer using an optional chain expression instead, as it's more concise and easier to read.","apps/web/src/app/actions/school.ts",,"CLOSED","5min","2026-01-04T23:03:28+0530","CLEAR","MAINTAINABILITY"
"MINOR","CODE_SMELL","typescript:S7781","Prefer `String#replaceAll()` over `String#replace()`.","apps/web/src/app/actions/student.ts",,"CLOSED","5min","2026-01-04T23:03:28+0530","CLEAR","MAINTAINABILITY"
"CRITICAL","CODE_SMELL","typescript:S3776","Refactor this function to reduce its Cognitive Complexity from 16 to the 15 allowed.","apps/web/src/app/actions/student.ts",,"CLOSED","6min","2026-01-04T23:03:28+0530","FOCUSED","MAINTAINABILITY"
"MINOR","CODE_SMELL","typescript:S7772","Prefer `node:crypto` over `crypto`.","apps/web/src/app/actions/student.ts","4","OPEN","5min","2026-01-04T23:03:28+0530","CONVENTIONAL","MAINTAINABILITY"
"CRITICAL","CODE_SMELL","typescript:S3776","Refactor this function to reduce its Cognitive Complexity from 49 to the 15 allowed.","apps/web/src/app/actions/teacher.ts",,"CLOSED","39min","2026-01-04T23:03:28+0530","FOCUSED","MAINTAINABILITY"
"MINOR","CODE_SMELL","typescript:S7781","Prefer `String#replaceAll()` over `String#replace()`.","apps/web/src/app/actions/teacher.ts",,"CLOSED","5min","2026-01-04T23:03:28+0530","CLEAR","MAINTAINABILITY"
"MAJOR","CODE_SMELL","typescript:S4043","Move this array ""sort"" operation to a separate statement or replace it with ""toSorted"".","apps/web/src/app/actions/teacher.ts",,"CLOSED","5min","2026-01-04T23:03:28+0530","CLEAR","MAINTAINABILITY"
"MINOR","CODE_SMELL","typescript:S6551","'name || 'Unknown'' will use Object's default stringification format ('[object Object]') when stringified.","apps/web/src/app/actions/teacher.ts",,"CLOSED","5min","2026-01-04T23:03:28+0530","LOGICAL","MAINTAINABILITY"
"MINOR","CODE_SMELL","typescript:S7781","Prefer `String#replaceAll()` over `String#replace()`.","apps/web/src/app/actions/teacher.ts",,"CLOSED","5min","2026-01-04T23:03:28+0530","CLEAR","MAINTAINABILITY"
"MAJOR","CODE_SMELL","typescript:S3358","Extract this nested ternary operation into an independent statement.","apps/web/src/app/actions/teacher.ts",,"CLOSED","5min","2026-01-04T23:03:28+0530","CLEAR","MAINTAINABILITY"
"MINOR","CODE_SMELL","typescript:S7776","`dangerousChars` should be a `Set`, and use `dangerousChars.has()` to check existence or non-existence.","apps/web/src/app/actions/teacher.ts",,"CLOSED","5min","2026-01-04T23:03:28+0530","EFFICIENT","MAINTAINABILITY"
"MINOR","CODE_SMELL","typescript:S4325","This assertion is unnecessary since it does not change the type of the expression.","apps/web/src/app/actions/teacher.ts",,"CLOSED","1min","2026-01-04T23:03:28+0530","CLEAR","MAINTAINABILITY"
"CRITICAL","CODE_SMELL","typescript:S3776","Refactor this function to reduce its Cognitive Complexity from 21 to the 15 allowed.","apps/web/src/app/actions/teacher.ts",,"CLOSED","11min","2026-01-04T23:03:28+0530","FOCUSED","MAINTAINABILITY"
"MINOR","CODE_SMELL","typescript:S7781","Prefer `String#replaceAll()` over `String#replace()`.","apps/web/src/app/actions/teacher.ts",,"CLOSED","5min","2026-01-04T23:03:28+0530","CLEAR","MAINTAINABILITY"
"MAJOR","CODE_SMELL","typescript:S6535","Unnecessary escape character: \..","apps/web/src/app/api/teacher/search-students/route.ts",,"CLOSED","5min","2026-01-04T23:03:28+0530","CLEAR","MAINTAINABILITY"
"CRITICAL","CODE_SMELL","typescript:S3776","Refactor this function to reduce its Cognitive Complexity from 23 to the 15 allowed.","apps/web/src/app/api/teacher/search-students/route.ts",,"CLOSED","13min","2026-01-04T23:03:28+0530","FOCUSED","MAINTAINABILITY"
"MINOR","CODE_SMELL","typescript:S1128","Remove this unused import of 'CoreMessage'.","apps/web/src/app/api/tutor/chat/route.ts",,"CLOSED","1min","2026-01-04T23:03:28+0530","CLEAR","MAINTAINABILITY"
"MINOR","CODE_SMELL","typescript:S7755","Prefer `.at(â¦)` over `[â¦.length - index]`.","apps/web/src/app/api/tutor/chat/route.ts","106","OPEN","5min","2026-01-04T23:03:28+0530","CONVENTIONAL","MAINTAINABILITY"
"MAJOR","CODE_SMELL","typescript:S6479","Do not use Array index in keys","apps/web/src/app/app/admin/performance/page.tsx",,"CLOSED","5min","2026-01-04T23:03:28+0530","LOGICAL","MAINTAINABILITY"
"MAJOR","CODE_SMELL","typescript:S3358","Extract this nested ternary operation into an independent statement.","apps/web/src/app/app/admin/performance/page.tsx",,"CLOSED","5min","2026-01-04T23:03:28+0530","CLEAR","MAINTAINABILITY"
"MAJOR","CODE_SMELL","typescript:S3358","Extract this nested ternary operation into an independent statement.","apps/web/src/app/app/admin/performance/page.tsx",,"CLOSED","5min","2026-01-04T23:03:28+0530","CLEAR","MAINTAINABILITY"
"MAJOR","CODE_SMELL","typescript:S3358","Extract this nested ternary operation into an independent statement.","apps/web/src/app/app/admin/performance/page.tsx",,"CLOSED","5min","2026-01-04T23:03:28+0530","CLEAR","MAINTAINABILITY"
"MAJOR","CODE_SMELL","typescript:S6853","A form label must be associated with a control.","apps/web/src/app/app/admin/performance/page.tsx",,"CLOSED","5min","2026-01-04T23:03:28+0530","LOGICAL","RELIABILITY"
"MINOR","CODE_SMELL","typescript:S1128","Remove this unused import of 'TrendingUp'.","apps/web/src/app/app/admin/performance/page.tsx",,"CLOSED","1min","2026-01-04T23:03:28+0530","CLEAR","MAINTAINABILITY"
"MINOR","CODE_SMELL","typescript:S1128","Remove this unused import of 'QueryMetric'.","apps/web/src/app/app/admin/performance/page.tsx",,"CLOSED","1min","2026-01-04T23:03:28+0530","CLEAR","MAINTAINABILITY"
"MAJOR","CODE_SMELL","typescript:S6479","Do not use Array index in keys","apps/web/src/app/app/admin/performance/page.tsx",,"CLOSED","5min","2026-01-04T23:03:28+0530","LOGICAL","MAINTAINABILITY"
"MAJOR","CODE_SMELL","typescript:S6479","Do not use Array index in keys","apps/web/src/app/app/admin/performance/page.tsx",,"CLOSED","5min","2026-01-04T23:03:28+0530","LOGICAL","MAINTAINABILITY"
"MINOR","CODE_SMELL","typescript:S7764","Prefer `globalThis` over `window`.","apps/web/src/app/app/admin/schools/page.tsx",,"CLOSED","2min","2026-01-04T23:03:28+0530","CONVENTIONAL","MAINTAINABILITY"
"MINOR","CODE_SMELL","typescript:S7735","Unexpected negated condition.","apps/web/src/app/app/admin/schools/page.tsx",,"CLOSED","2min","2026-01-04T23:03:28+0530","CLEAR","MAINTAINABILITY"
"MINOR","CODE_SMELL","typescript:S7764","Prefer `globalThis` over `window`.","apps/web/src/app/app/admin/schools/page.tsx",,"CLOSED","2min","2026-01-04T23:03:28+0530","CONVENTIONAL","MAINTAINABILITY"
"MINOR","CODE_SMELL","typescript:S2486","Handle this exception or don't catch it at all.","apps/web/src/app/app/admin/schools/page.tsx",,"CLOSED","1h","2026-01-04T23:03:28+0530","CLEAR","MAINTAINABILITY"
"MINOR","CODE_SMELL","typescript:S2486","Handle this exception or don't catch it at all.","apps/web/src/app/app/admin/schools/page.tsx",,"CLOSED","1h","2026-01-04T23:03:28+0530","CLEAR","MAINTAINABILITY"
"MINOR","CODE_SMELL","typescript:S2486","Handle this exception or don't catch it at all.","apps/web/src/app/app/admin/schools/page.tsx",,"CLOSED","1h","2026-01-04T23:03:28+0530","CLEAR","MAINTAINABILITY"
"MINOR","CODE_SMELL","typescript:S2486","Handle this exception or don't catch it at all.","apps/web/src/app/app/admin/schools/page.tsx",,"CLOSED","1h","2026-01-04T23:03:28+0530","CLEAR","MAINTAINABILITY"
"MAJOR","CODE_SMELL","typescript:S3358","Extract this nested ternary operation into an independent statement.","apps/web/src/app/app/admin/schools/page.tsx",,"CLOSED","5min","2026-01-04T23:03:28+0530","CLEAR","MAINTAINABILITY"
"MINOR","CODE_SMELL","typescript:S2486","Handle this exception or don't catch it at all.","apps/web/src/app/app/admin/schools/page.tsx",,"CLOSED","1h","2026-01-04T23:03:28+0530","CLEAR","MAINTAINABILITY"
"MINOR","CODE_SMELL","typescript:S2486","Handle this exception or don't catch it at all.","apps/web/src/app/app/admin/schools/page.tsx",,"CLOSED","1h","2026-01-04T23:03:28+0530","CLEAR","MAINTAINABILITY"
"MINOR","CODE_SMELL","typescript:S2486","Handle this exception or don't catch it at all.","apps/web/src/app/app/admin/schools/page.tsx",,"CLOSED","1h","2026-01-04T23:03:28+0530","CLEAR","MAINTAINABILITY"
"MINOR","CODE_SMELL","typescript:S6759","Mark the props of the component as read-only.","apps/web/src/app/app/admin/schools/page.tsx","34","OPEN","5min","2026-01-04T23:03:28+0530","CONVENTIONAL","MAINTAINABILITY"
"MINOR","CODE_SMELL","typescript:S6759","Mark the props of the component as read-only.","apps/web/src/app/app/admin/schools/page.tsx","237","OPEN","5min","2026-01-04T23:03:28+0530","CONVENTIONAL","MAINTAINABILITY"
"MAJOR","CODE_SMELL","typescript:S3358","Extract this nested ternary operation into an independent statement.","apps/web/src/app/app/ai-tools/tutor/page.tsx",,"CLOSED","5min","2026-01-04T23:03:28+0530","CLEAR","MAINTAINABILITY"
"MAJOR","CODE_SMELL","typescript:S1854","Remove this useless assignment to variable ""user"".","apps/web/src/app/app/ai-tools/tutor/page.tsx",,"CLOSED","1min","2026-01-04T23:03:28+0530","LOGICAL","MAINTAINABILITY"
"MINOR","CODE_SMELL","typescript:S7748","Don't use a zero fraction in the number.","apps/web/src/app/app/assessment/summary/page.tsx",,"CLOSED","1min","2026-01-04T23:03:28+0530","CONVENTIONAL","MAINTAINABILITY"
"MINOR","CODE_SMELL","typescript:S7748","Don't use a zero fraction in the number.","apps/web/src/app/app/assessment/summary/page.tsx",,"CLOSED","1min","2026-01-04T23:03:28+0530","CONVENTIONAL","MAINTAINABILITY"
"MINOR","CODE_SMELL","typescript:S6759","Mark the props of the component as read-only.","apps/web/src/app/app/assessment/summary/page.tsx","6","OPEN","5min","2026-01-04T23:03:28+0530","CONVENTIONAL","MAINTAINABILITY"
"MINOR","CODE_SMELL","typescript:S6759","Mark the props of the component as read-only.","apps/web/src/app/app/dashboard/page.tsx",,"CLOSED","5min","2026-01-04T23:03:28+0530","CONVENTIONAL","MAINTAINABILITY"
"MAJOR","CODE_SMELL","typescript:S6582","Prefer using an optional chain expression instead, as it's more concise and easier to read.","apps/web/src/app/app/dashboard/page.tsx",,"CLOSED","5min","2026-01-04T23:03:28+0530","CLEAR","MAINTAINABILITY"
"MINOR","CODE_SMELL","typescript:S7735","Unexpected negated condition.","apps/web/src/app/app/dashboard/page.tsx",,"CLOSED","2min","2026-01-04T23:03:28+0530","CLEAR","MAINTAINABILITY"
"MINOR","CODE_SMELL","typescript:S6759","Mark the props of the component as read-only.","apps/web/src/app/app/dashboard/page.tsx","147","OPEN","5min","2026-01-04T23:03:28+0530","CONVENTIONAL","MAINTAINABILITY"
"MAJOR","CODE_SMELL","typescript:S3358","Extract this nested ternary operation into an independent statement.","apps/web/src/app/app/learn/[moduleId]/[topicId]/page.tsx",,"CLOSED","5min","2026-01-04T23:03:28+0530","CLEAR","MAINTAINABILITY"
"MAJOR","CODE_SMELL","typescript:S3358","Extract this nested ternary operation into an independent statement.","apps/web/src/app/app/learn/[moduleId]/[topicId]/page.tsx",,"CLOSED","5min","2026-01-04T23:03:28+0530","CLEAR","MAINTAINABILITY"
"MAJOR","CODE_SMELL","typescript:S3358","Extract this nested ternary operation into an independent statement.","apps/web/src/app/app/learn/[moduleId]/[topicId]/page.tsx",,"CLOSED","5min","2026-01-04T23:03:28+0530","CLEAR","MAINTAINABILITY"
"MINOR","CODE_SMELL","typescript:S7735","Unexpected negated condition.","apps/web/src/app/app/learn/[moduleId]/[topicId]/page.tsx",,"CLOSED","2min","2026-01-04T23:03:28+0530","CLEAR","MAINTAINABILITY"
"MAJOR","CODE_SMELL","typescript:S3358","Extract this nested ternary operation into an independent statement.","apps/web/src/app/app/learn/[moduleId]/[topicId]/page.tsx",,"CLOSED","5min","2026-01-04T23:03:28+0530","CLEAR","MAINTAINABILITY"
"MAJOR","CODE_SMELL","typescript:S3358","Extract this nested ternary operation into an independent statement.","apps/web/src/app/app/learn/[moduleId]/[topicId]/page.tsx",,"CLOSED","5min","2026-01-04T23:03:28+0530","CLEAR","MAINTAINABILITY"
"MAJOR","CODE_SMELL","typescript:S3358","Extract this nested ternary operation into an independent statement.","apps/web/src/app/app/learn/[moduleId]/[topicId]/page.tsx",,"CLOSED","5min","2026-01-04T23:03:28+0530","CLEAR","MAINTAINABILITY"
"MINOR","CODE_SMELL","typescript:S7735","Unexpected negated condition.","apps/web/src/app/app/learn/[moduleId]/[topicId]/page.tsx",,"CLOSED","2min","2026-01-04T23:03:28+0530","CLEAR","MAINTAINABILITY"
"MAJOR","CODE_SMELL","typescript:S3358","Extract this nested ternary operation into an independent statement.","apps/web/src/app/app/learn/[moduleId]/[topicId]/page.tsx",,"CLOSED","5min","2026-01-04T23:03:28+0530","CLEAR","MAINTAINABILITY"
"CRITICAL","CODE_SMELL","typescript:S3776","Refactor this function to reduce its Cognitive Complexity from 23 to the 15 allowed.","apps/web/src/app/app/learn/[moduleId]/[topicId]/page.tsx",,"CLOSED","13min","2026-01-04T23:03:28+0530","FOCUSED","MAINTAINABILITY"
"MAJOR","CODE_SMELL","typescript:S3358","Extract this nested ternary operation into an independent statement.","apps/web/src/app/app/learn/[moduleId]/[topicId]/page.tsx",,"CLOSED","5min","2026-01-04T23:03:28+0530","CLEAR","MAINTAINABILITY"
"MAJOR","CODE_SMELL","typescript:S6479","Do not use Array index in keys","apps/web/src/app/app/learn/[moduleId]/[topicId]/page.tsx",,"CLOSED","5min","2026-01-04T23:03:28+0530","LOGICAL","MAINTAINABILITY"
"MAJOR","CODE_SMELL","typescript:S6479","Do not use Array index in keys","apps/web/src/app/app/learn/[moduleId]/[topicId]/page.tsx","535","OPEN","5min","2026-01-04T23:03:28+0530","LOGICAL","MAINTAINABILITY"
"MINOR","CODE_SMELL","typescript:S7758","Prefer `String.fromCodePoint()` over `String.fromCharCode()`.","apps/web/src/app/app/learn/[moduleId]/[topicId]/page.tsx","548","OPEN","5min","2026-01-04T23:03:28+0530","CONVENTIONAL","MAINTAINABILITY"
"MAJOR","CODE_SMELL","typescript:S3358","Extract this nested ternary operation into an independent statement.","apps/web/src/app/app/learn/[moduleId]/page.tsx",,"CLOSED","5min","2026-01-04T23:03:28+0530","CLEAR","MAINTAINABILITY"
"MAJOR","CODE_SMELL","typescript:S3358","Extract this nested ternary operation into an independent statement.","apps/web/src/app/app/learn/[moduleId]/page.tsx",,"CLOSED","5min","2026-01-04T23:03:28+0530","CLEAR","MAINTAINABILITY"
"MAJOR","CODE_SMELL","typescript:S3358","Extract this nested ternary operation into an independent statement.","apps/web/src/app/app/learn/[moduleId]/page.tsx",,"CLOSED","5min","2026-01-04T23:03:28+0530","CLEAR","MAINTAINABILITY"
"MINOR","CODE_SMELL","typescript:S6759","Mark the props of the component as read-only.","apps/web/src/app/app/learn/[moduleId]/page.tsx","472","OPEN","5min","2026-01-04T23:03:28+0530","CONVENTIONAL","MAINTAINABILITY"
"MAJOR","CODE_SMELL","typescript:S3358","Extract this nested ternary operation into an independent statement.","apps/web/src/app/app/learn/page.tsx",,"CLOSED","5min","2026-01-04T23:03:28+0530","CLEAR","MAINTAINABILITY"
"MINOR","CODE_SMELL","typescript:S6759","Mark the props of the component as read-only.","apps/web/src/app/app/learn/page.tsx",,"CLOSED","5min","2026-01-04T23:03:28+0530","CONVENTIONAL","MAINTAINABILITY"
"MINOR","CODE_SMELL","typescript:S7735","Unexpected negated condition.","apps/web/src/app/app/progress/page.tsx",,"CLOSED","2min","2026-01-04T23:03:28+0530","CLEAR","MAINTAINABILITY"
"MAJOR","CODE_SMELL","typescript:S3358","Extract this nested ternary operation into an independent statement.","apps/web/src/app/app/progress/page.tsx",,"CLOSED","5min","2026-01-04T23:03:28+0530","CLEAR","MAINTAINABILITY"
"MAJOR","CODE_SMELL","typescript:S3358","Extract this nested ternary operation into an independent statement.","apps/web/src/app/app/progress/page.tsx",,"CLOSED","5min","2026-01-04T23:03:28+0530","CLEAR","MAINTAINABILITY"
"MAJOR","CODE_SMELL","typescript:S6853","A form label must be associated with a control.","apps/web/src/app/app/settings/page.tsx",,"CLOSED","5min","2026-01-04T23:03:28+0530","LOGICAL","RELIABILITY"
